Region,Tool region,WoodType,LogType,TD7a,TD7b,TD7c,0,1,2,3,4,5,6,7,8,9,10,11,12,13,14,15,16,17,18,19,20,21,22,23,24,25,26,27,28,29,30,31,32,33,34,35,36,37,38,39,40,41,42,43,44,45,46,47,48,49,50,51,52,53,54,55,56,57,58,59,60,61,62,63,64,65,66,67,68,69,70,71,72,73,74,75,76,77,78,79,80,81,82,83,84,85,86,87,88,89,90,91,92,93,94,95,96,97,98,99,100,101,102,103,104,105,106,107,108,109,110,111,112,113,114,115,116,117,118,119,120,121,122,123,124,125,126,127,128,129,130,131,132,133,134,135,136,137,138,139,140,141,142,143,144,145,146,147,148,149,150,151,152,153,154,155,156,157,158,159,160,161,162,163,164,165,166,167,168,169,170,171,172,173,174,175,176,177,178,179,180,181,182,183,184,185,186,187,188,189,190,191,192,193,194,195,196,197,198,199,200
Northeast,Northeast,Hardwood,Pulpwood,0.5272,3483,0.5364,0.5272,0.527118815,0.527037642,0.526956482,0.526875334,0.526794199,0.526713076,0.526631966,0.526550868,0.526469782,0.52638871,0.526307649,0.526226601,0.526145566,0.526064543,0.525983533,0.525902535,0.525821549,0.525740576,0.525659616,0.525578668,0.525497732,0.525416809,0.525335898,0.525255,0.525174114,0.525093241,0.52501238,0.524931532,0.524850696,0.524769872,0.524689061,0.524608263,0.524527477,0.524446703,0.524365942,0.524285193,0.524204456,0.524123732,0.524043021,0.523962322,0.523881635,0.523800961,0.523720299,0.523639649,0.523559012,0.523478388,0.523397776,0.523317176,0.523236589,0.523156014,0.523075451,0.522994901,0.522914363,0.522833838,0.522753325,0.522672825,0.522592336,0.522511861,0.522431397,0.522350946,0.522270508,0.522190082,0.522109668,0.522029267,0.521948878,0.521868501,0.521788137,0.521707785,0.521627445,0.521547118,0.521466803,0.521386501,0.521306211,0.521225933,0.521145668,0.521065415,0.520985174,0.520904946,0.52082473,0.520744527,0.520664336,0.520584157,0.52050399,0.520423836,0.520343694,0.520263565,0.520183448,0.520103343,0.520023251,0.51994317,0.519863103,0.519783047,0.519703004,0.519622973,0.519542955,0.519462949,0.519382955,0.519302973,0.519223004,0.519143047,0.519063103,0.518983171,0.518903251,0.518823343,0.518743448,0.518663565,0.518583694,0.518503836,0.518423989,0.518344156,0.518264334,0.518184525,0.518104728,0.518024943,0.517945171,0.517865411,0.517785663,0.517705927,0.517626204,0.517546493,0.517466795,0.517387108,0.517307434,0.517227772,0.517148122,0.517068485,0.51698886,0.516909247,0.516829647,0.516750058,0.516670482,0.516590918,0.516511367,0.516431828,0.516352301,0.516272786,0.516193283,0.516113793,0.516034315,0.515954849,0.515875395,0.515795954,0.515716525,0.515637108,0.515557703,0.515478311,0.515398931,0.515319563,0.515240207,0.515160863,0.515081532,0.515002213,0.514922906,0.514843611,0.514764329,0.514685059,0.514605801,0.514526555,0.514447321,0.5143681,0.51428889,0.514209693,0.514130508,0.514051336,0.513972175,0.513893027,0.513813891,0.513734767,0.513655655,0.513576556,0.513497469,0.513418393,0.51333933,0.51326028,0.513181241,0.513102214,0.5130232,0.512944198,0.512865208,0.51278623,0.512707264,0.512628311,0.51254937,0.512470441,0.512391523,0.512312619,0.512233726,0.512154845,0.512075977,0.511997121,0.511918277,0.511839445,0.511760625,0.511681817,0.511603021,0.511524238,0.511445467,0.511366707,0.51128796,0.511209225
Northeast,Northeast,Hardwood,Sawlog,0.6143,6812,0.5953,0.6143,0.614246319,0.614192642,0.61413897,0.614085303,0.614031641,0.613977983,0.61392433,0.613870681,0.613817037,0.613763398,0.613709764,0.613656134,0.613602509,0.613548889,0.613495273,0.613441662,0.613388056,0.613334455,0.613280858,0.613227265,0.613173678,0.613120095,0.613066517,0.613012943,0.612959375,0.61290581,0.612852251,0.612798696,0.612745146,0.612691601,0.61263806,0.612584524,0.612530993,0.612477466,0.612423944,0.612370427,0.612316914,0.612263406,0.612209903,0.612156404,0.61210291,0.612049421,0.611995936,0.611942456,0.611888981,0.611835511,0.611782045,0.611728583,0.611675127,0.611621675,0.611568228,0.611514785,0.611461347,0.611407914,0.611354486,0.611301062,0.611247642,0.611194228,0.611140818,0.611087413,0.611034012,0.610980616,0.610927225,0.610873839,0.610820457,0.61076708,0.610713707,0.610660339,0.610606976,0.610553617,0.610500264,0.610446914,0.61039357,0.61034023,0.610286895,0.610233564,0.610180238,0.610126917,0.6100736,0.610020288,0.609966981,0.609913678,0.60986038,0.609807087,0.609753798,0.609700514,0.609647235,0.60959396,0.60954069,0.609487425,0.609434164,0.609380908,0.609327657,0.60927441,0.609221168,0.609167931,0.609114698,0.60906147,0.609008246,0.608955027,0.608901813,0.608848604,0.608795399,0.608742198,0.608689003,0.608635812,0.608582626,0.608529444,0.608476267,0.608423095,0.608369927,0.608316764,0.608263605,0.608210452,0.608157302,0.608104158,0.608051018,0.607997883,0.607944752,0.607891626,0.607838505,0.607785389,0.607732277,0.607679169,0.607626067,0.607572968,0.607519875,0.607466786,0.607413702,0.607360623,0.607307548,0.607254478,0.607201412,0.607148351,0.607095295,0.607042243,0.606989196,0.606936154,0.606883116,0.606830083,0.606777054,0.60672403,0.606671011,0.606617996,0.606564986,0.606511981,0.60645898,0.606405984,0.606352993,0.606300006,0.606247024,0.606194046,0.606141073,0.606088105,0.606035141,0.605982182,0.605929228,0.605876278,0.605823333,0.605770393,0.605717457,0.605664525,0.605611599,0.605558677,0.605505759,0.605452847,0.605399938,0.605347035,0.605294136,0.605241242,0.605188352,0.605135467,0.605082587,0.605029711,0.60497684,0.604923973,0.604871111,0.604818254,0.604765401,0.604712553,0.60465971,0.604606871,0.604554036,0.604501207,0.604448382,0.604395562,0.604342746,0.604289935,0.604237128,0.604184326,0.604131529,0.604078736,0.604025948,0.603973165,0.603920386,0.603867612,0.603814842,0.603762077,0.603709317,0.603656561
Northeast,Northeast,Softwood,Sawlog,0.5582,2594,0.6557,0.5582,0.558058918,0.557917873,0.557776862,0.557635888,0.557494949,0.557354046,0.557213178,0.557072346,0.556931549,0.556790788,0.556650063,0.556509373,0.556368719,0.5562281,0.556087517,0.555946969,0.555806457,0.555665981,0.55552554,0.555385134,0.555244764,0.555104429,0.55496413,0.554823867,0.554683638,0.554543446,0.554403288,0.554263166,0.55412308,0.553983029,0.553843013,0.553703033,0.553563088,0.553423178,0.553283304,0.553143465,0.553003661,0.552863893,0.55272416,0.552584463,0.552444801,0.552305174,0.552165582,0.552026026,0.551886505,0.551747019,0.551607568,0.551468153,0.551328773,0.551189428,0.551050118,0.550910844,0.550771605,0.5506324,0.550493232,0.550354098,0.550214999,0.550075936,0.549936908,0.549797915,0.549658957,0.549520034,0.549381146,0.549242294,0.549103476,0.548964694,0.548825946,0.548687234,0.548548557,0.548409915,0.548271307,0.548132735,0.547994198,0.547855696,0.547717229,0.547578797,0.5474404,0.547302038,0.547163711,0.547025418,0.546887161,0.546748939,0.546610752,0.546472599,0.546334482,0.546196399,0.546058351,0.545920339,0.545782361,0.545644418,0.545506509,0.545368636,0.545230798,0.545092994,0.544955225,0.544817491,0.544679792,0.544542128,0.544404498,0.544266903,0.544129343,0.543991818,0.543854327,0.543716872,0.543579451,0.543442064,0.543304713,0.543167396,0.543030114,0.542892866,0.542755654,0.542618476,0.542481332,0.542344224,0.542207149,0.54207011,0.541933105,0.541796135,0.541659199,0.541522299,0.541385432,0.5412486,0.541111803,0.540975041,0.540838313,0.540701619,0.54056496,0.540428336,0.540291746,0.540155191,0.54001867,0.539882184,0.539745732,0.539609314,0.539472932,0.539336583,0.539200269,0.53906399,0.538927745,0.538791534,0.538655358,0.538519216,0.538383109,0.538247036,0.538110997,0.537974993,0.537839024,0.537703088,0.537567187,0.53743132,0.537295488,0.53715969,0.537023926,0.536888197,0.536752502,0.536616841,0.536481214,0.536345622,0.536210064,0.53607454,0.535939051,0.535803596,0.535668175,0.535532788,0.535397435,0.535262117,0.535126833,0.534991583,0.534856367,0.534721186,0.534586038,0.534450925,0.534315846,0.534180801,0.53404579,0.533910814,0.533775871,0.533640962,0.533506088,0.533371248,0.533236442,0.533101669,0.532966931,0.532832227,0.532697557,0.532562921,0.532428319,0.532293752,0.532159218,0.532024718,0.531890252,0.53175582,0.531621422,0.531487058,0.531352728,0.531218432,0.53108417,0.530949942,0.530815748,0.530681587
Northeast,Northeast,Softwood,Pulpwood,0.6289,3062,0.5432,0.6289,0.628788443,0.628676905,0.628565388,0.62845389,0.628342412,0.628230953,0.628119515,0.628008096,0.627896697,0.627785318,0.627673958,0.627562619,0.627451299,0.627339999,0.627228718,0.627117457,0.627006216,0.626894995,0.626783793,0.626672612,0.626561449,0.626450307,0.626339184,0.626228081,0.626116998,0.626005935,0.625894891,0.625783867,0.625672862,0.625561877,0.625450912,0.625339967,0.625229041,0.625118135,0.625007249,0.624896382,0.624785535,0.624674708,0.6245639,0.624453112,0.624342344,0.624231595,0.624120866,0.624010156,0.623899466,0.623788796,0.623678146,0.623567515,0.623456903,0.623346312,0.62323574,0.623125187,0.623014654,0.622904141,0.622793647,0.622683173,0.622572719,0.622462284,0.622351869,0.622241473,0.622131097,0.622020741,0.621910404,0.621800086,0.621689789,0.62157951,0.621469252,0.621359013,0.621248793,0.621138593,0.621028413,0.620918252,0.62080811,0.620697988,0.620587886,0.620477803,0.62036774,0.620257696,0.620147672,0.620037667,0.619927682,0.619817717,0.619707771,0.619597844,0.619487937,0.619378049,0.619268181,0.619158332,0.619048503,0.618938693,0.618828903,0.618719132,0.618609381,0.618499649,0.618389937,0.618280244,0.618170571,0.618060917,0.617951282,0.617841667,0.617732071,0.617622495,0.617512938,0.617403401,0.617293883,0.617184385,0.617074906,0.616965446,0.616856006,0.616746585,0.616637184,0.616527802,0.616418439,0.616309096,0.616199772,0.616090468,0.615981183,0.615871917,0.615762671,0.615653444,0.615544237,0.615435049,0.61532588,0.61521673,0.6151076,0.61499849,0.614889398,0.614780327,0.614671274,0.614562241,0.614453227,0.614344232,0.614235257,0.614126301,0.614017364,0.613908447,0.613799549,0.613690671,0.613581811,0.613472971,0.613364151,0.613255349,0.613146567,0.613037804,0.612929061,0.612820337,0.612711632,0.612602946,0.61249428,0.612385633,0.612277005,0.612168396,0.612059807,0.611951237,0.611842686,0.611734155,0.611625642,0.611517149,0.611408676,0.611300221,0.611191786,0.61108337,0.610974973,0.610866595,0.610758237,0.610649898,0.610541578,0.610433277,0.610324996,0.610216734,0.61010849,0.610000267,0.609892062,0.609783876,0.60967571,0.609567563,0.609459435,0.609351326,0.609243237,0.609135166,0.609027115,0.608919083,0.60881107,0.608703076,0.608595102,0.608487146,0.60837921,0.608271293,0.608163395,0.608055516,0.607947656,0.607839816,0.607731994,0.607624192,0.607516409,0.607408645,0.6073009,0.607193174,0.607085467,0.606977779
North Central,Central States,Softwood,Pulpwood,0.6284,3494,0.5117,0.6284,0.628307977,0.628215967,0.628123971,0.628031988,0.627940019,0.627848063,0.627756121,0.627664192,0.627572277,0.627480375,0.627388487,0.627296612,0.62720475,0.627112902,0.627021067,0.626929246,0.626837439,0.626745644,0.626653863,0.626562096,0.626470342,0.626378602,0.626286874,0.626195161,0.626103461,0.626011774,0.6259201,0.62582844,0.625736794,0.625645161,0.625553541,0.625461935,0.625370342,0.625278763,0.625187197,0.625095644,0.625004105,0.624912579,0.624821066,0.624729567,0.624638082,0.62454661,0.624455151,0.624363705,0.624272273,0.624180855,0.624089449,0.623998058,0.623906679,0.623815314,0.623723962,0.623632624,0.623541299,0.623449987,0.623358689,0.623267404,0.623176133,0.623084875,0.62299363,0.622902399,0.62281118,0.622719976,0.622628784,0.622537607,0.622446442,0.622355291,0.622264153,0.622173028,0.622081917,0.621990819,0.621899735,0.621808663,0.621717605,0.621626561,0.62153553,0.621444512,0.621353507,0.621262516,0.621171538,0.621080574,0.620989622,0.620898684,0.62080776,0.620716849,0.620625951,0.620535066,0.620444194,0.620353336,0.620262492,0.62017166,0.620080842,0.619990037,0.619899246,0.619808467,0.619717702,0.619626951,0.619536212,0.619445487,0.619354776,0.619264077,0.619173392,0.61908272,0.618992061,0.618901416,0.618810784,0.618720165,0.618629559,0.618538967,0.618448388,0.618357822,0.618267269,0.61817673,0.618086204,0.617995691,0.617905192,0.617814706,0.617724233,0.617633773,0.617543326,0.617452893,0.617362473,0.617272066,0.617181673,0.617091293,0.617000926,0.616910572,0.616820231,0.616729904,0.61663959,0.616549289,0.616459001,0.616368727,0.616278465,0.616188217,0.616097983,0.616007761,0.615917553,0.615827357,0.615737175,0.615647007,0.615556851,0.615466709,0.61537658,0.615286464,0.615196361,0.615106271,0.615016195,0.614926132,0.614836082,0.614746045,0.614656021,0.614566011,0.614476014,0.61438603,0.614296059,0.614206101,0.614116156,0.614026225,0.613936307,0.613846402,0.61375651,0.613666631,0.613576766,0.613486913,0.613397074,0.613307248,0.613217435,0.613127635,0.613037849,0.612948075,0.612858315,0.612768568,0.612678834,0.612589113,0.612499405,0.61240971,0.612320029,0.612230361,0.612140705,0.612051063,0.611961434,0.611871818,0.611782216,0.611692626,0.61160305,0.611513486,0.611423936,0.611334399,0.611244875,0.611155364,0.611065866,0.610976382,0.61088691,0.610797452,0.610708006,0.610618574,0.610529155,0.610439749,0.610350356,0.610260976
North Central,Central States,Hardwood,Sawlog,0.6097,5144,0.6236,0.6097,0.609626091,0.609552192,0.609478301,0.609404419,0.609330547,0.609256683,0.609182828,0.609108982,0.609035145,0.608961317,0.608887498,0.608813688,0.608739887,0.608666094,0.608592311,0.608518537,0.608444771,0.608371015,0.608297267,0.608223529,0.608149799,0.608076079,0.608002367,0.607928664,0.60785497,0.607781285,0.607707609,0.607633942,0.607560284,0.607486635,0.607412994,0.607339363,0.607265741,0.607192127,0.607118522,0.607044927,0.60697134,0.606897762,0.606824193,0.606750633,0.606677082,0.60660354,0.606530007,0.606456482,0.606382967,0.60630946,0.606235963,0.606162474,0.606088994,0.606015524,0.605942062,0.605868608,0.605795164,0.605721729,0.605648303,0.605574885,0.605501477,0.605428077,0.605354686,0.605281304,0.605207931,0.605134567,0.605061212,0.604987866,0.604914529,0.6048412,0.60476788,0.60469457,0.604621268,0.604547975,0.604474691,0.604401416,0.604328149,0.604254892,0.604181643,0.604108404,0.604035173,0.603961951,0.603888738,0.603815534,0.603742338,0.603669152,0.603595975,0.603522806,0.603449646,0.603376495,0.603303353,0.60323022,0.603157096,0.60308398,0.603010873,0.602937776,0.602864687,0.602791607,0.602718536,0.602645473,0.60257242,0.602499375,0.60242634,0.602353313,0.602280295,0.602207285,0.602134285,0.602061294,0.601988311,0.601915337,0.601842372,0.601769416,0.601696469,0.601623531,0.601550601,0.60147768,0.601404768,0.601331865,0.601258971,0.601186086,0.601113209,0.601040341,0.600967483,0.600894633,0.600821791,0.600748959,0.600676135,0.600603321,0.600530515,0.600457718,0.60038493,0.60031215,0.600239379,0.600166618,0.600093865,0.600021121,0.599948385,0.599875659,0.599802941,0.599730232,0.599657532,0.599584841,0.599512158,0.599439485,0.59936682,0.599294164,0.599221517,0.599148878,0.599076249,0.599003628,0.598931016,0.598858413,0.598785819,0.598713233,0.598640656,0.598568088,0.598495529,0.598422979,0.598350437,0.598277904,0.59820538,0.598132865,0.598060359,0.597987861,0.597915372,0.597842892,0.597770421,0.597697958,0.597625505,0.59755306,0.597480624,0.597408196,0.597335778,0.597263368,0.597190967,0.597118575,0.597046191,0.596973816,0.59690145,0.596829093,0.596756745,0.596684405,0.596612074,0.596539752,0.596467439,0.596395135,0.596322839,0.596250552,0.596178274,0.596106004,0.596033743,0.595961491,0.595889248,0.595817014,0.595744788,0.595672571,0.595600363,0.595528163,0.595455973,0.595383791,0.595311618,0.595239453,0.595167298,0.595095151
North Central,Central States,Softwood,Sawlog,0.6728,2162,0.655,0.6728,0.672596199,0.67239246,0.672188783,0.671985167,0.671781613,0.671578121,0.67137469,0.671171321,0.670968014,0.670764768,0.670561584,0.670358461,0.6701554,0.6699524,0.669749462,0.669546585,0.66934377,0.669141016,0.668938324,0.668735693,0.668533123,0.668330615,0.668128168,0.667925783,0.667723458,0.667521195,0.667318993,0.667116853,0.666914774,0.666712756,0.666510799,0.666308903,0.666107069,0.665905295,0.665703583,0.665501932,0.665300342,0.665098813,0.664897345,0.664695938,0.664494592,0.664293307,0.664092083,0.66389092,0.663689818,0.663488777,0.663287797,0.663086877,0.662886019,0.662685221,0.662484484,0.662283808,0.662083193,0.661882638,0.661682145,0.661481712,0.661281339,0.661081028,0.660880777,0.660680586,0.660480457,0.660280388,0.660080379,0.659880432,0.659680544,0.659480718,0.659280952,0.659081246,0.658881601,0.658682016,0.658482492,0.658283028,0.658083625,0.657884282,0.657684999,0.657485777,0.657286615,0.657087514,0.656888472,0.656689491,0.656490571,0.65629171,0.65609291,0.65589417,0.65569549,0.655496871,0.655298311,0.655099812,0.654901373,0.654702994,0.654504675,0.654306416,0.654108218,0.653910079,0.653712,0.653513981,0.653316023,0.653118124,0.652920285,0.652722506,0.652524787,0.652327128,0.652129529,0.651931989,0.65173451,0.65153709,0.65133973,0.65114243,0.65094519,0.650748009,0.650550888,0.650353827,0.650156825,0.649959884,0.649763001,0.649566179,0.649369416,0.649172713,0.648976069,0.648779485,0.64858296,0.648386495,0.64819009,0.647993743,0.647797457,0.64760123,0.647405062,0.647208954,0.647012905,0.646816915,0.646620985,0.646425115,0.646229303,0.646033551,0.645837858,0.645642225,0.64544665,0.645251135,0.645055679,0.644860283,0.644664945,0.644469667,0.644274448,0.644079288,0.643884187,0.643689145,0.643494163,0.643299239,0.643104375,0.642909569,0.642714823,0.642520135,0.642325507,0.642130937,0.641936426,0.641741974,0.641547582,0.641353248,0.641158973,0.640964756,0.640770599,0.6405765,0.640382461,0.64018848,0.639994557,0.639800694,0.639606889,0.639413143,0.639219455,0.639025827,0.638832257,0.638638745,0.638445292,0.638251898,0.638058562,0.637865285,0.637672067,0.637478907,0.637285805,0.637092762,0.636899778,0.636706852,0.636513984,0.636321175,0.636128424,0.635935732,0.635743098,0.635550522,0.635358005,0.635165545,0.634973145,0.634780802,0.634588518,0.634396292,0.634204124,0.634012015,0.633819964,0.63362797,0.633436035,0.633244159
North Central,Central States,Hardwood,Pulpwood,0.5243,3399,0.5451,0.5243,0.524215924,0.524131862,0.524047814,0.523963778,0.523879757,0.523795749,0.523711754,0.523627772,0.523543805,0.52345985,0.523375909,0.523291982,0.523208068,0.523124167,0.52304028,0.522956407,0.522872547,0.5227887,0.522704867,0.522621047,0.52253724,0.522453448,0.522369668,0.522285902,0.522202149,0.52211841,0.522034684,0.521950972,0.521867273,0.521783588,0.521699915,0.521616257,0.521532612,0.52144898,0.521365361,0.521281756,0.521198165,0.521114586,0.521031022,0.52094747,0.520863932,0.520780408,0.520696896,0.520613399,0.520529914,0.520446443,0.520362985,0.520279541,0.52019611,0.520112693,0.520029288,0.519945898,0.51986252,0.519779156,0.519695806,0.519612468,0.519529144,0.519445834,0.519362537,0.519279253,0.519195982,0.519112725,0.519029481,0.518946251,0.518863034,0.51877983,0.51869664,0.518613463,0.518530299,0.518447148,0.518364011,0.518280888,0.518197777,0.51811468,0.518031596,0.517948526,0.517865469,0.517782425,0.517699395,0.517616377,0.517533374,0.517450383,0.517367406,0.517284442,0.517201491,0.517118554,0.51703563,0.516952719,0.516869822,0.516786938,0.516704067,0.516621209,0.516538365,0.516455534,0.516372716,0.516289912,0.516207121,0.516124343,0.516041578,0.515958827,0.515876089,0.515793364,0.515710653,0.515627955,0.51554527,0.515462598,0.515379939,0.515297294,0.515214662,0.515132043,0.515049438,0.514966846,0.514884267,0.514801701,0.514719149,0.514636609,0.514554083,0.514471571,0.514389071,0.514306585,0.514224112,0.514141652,0.514059205,0.513976772,0.513894351,0.513811944,0.513729551,0.51364717,0.513564803,0.513482449,0.513400108,0.51331778,0.513235465,0.513153164,0.513070876,0.512988601,0.512906339,0.512824091,0.512741855,0.512659633,0.512577424,0.512495228,0.512413046,0.512330876,0.51224872,0.512166577,0.512084447,0.51200233,0.511920227,0.511838136,0.511756059,0.511673995,0.511591944,0.511509906,0.511427882,0.51134587,0.511263872,0.511181887,0.511099915,0.511017956,0.51093601,0.510854077,0.510772158,0.510690252,0.510608358,0.510526478,0.510444611,0.510362758,0.510280917,0.510199089,0.510117275,0.510035474,0.509953686,0.50987191,0.509790149,0.5097084,0.509626664,0.509544941,0.509463232,0.509381535,0.509299852,0.509218182,0.509136525,0.509054881,0.50897325,0.508891632,0.508810027,0.508728435,0.508646857,0.508565291,0.508483739,0.5084022,0.508320673,0.50823916,0.50815766,0.508076173,0.507994699,0.507913238,0.50783179,0.507750355
North Central,Northern Lake States,Softwood,Pulpwood,0.6284,3494,0.5117,0.6284,0.628307977,0.628215967,0.628123971,0.628031988,0.627940019,0.627848063,0.627756121,0.627664192,0.627572277,0.627480375,0.627388487,0.627296612,0.62720475,0.627112902,0.627021067,0.626929246,0.626837439,0.626745644,0.626653863,0.626562096,0.626470342,0.626378602,0.626286874,0.626195161,0.626103461,0.626011774,0.6259201,0.62582844,0.625736794,0.625645161,0.625553541,0.625461935,0.625370342,0.625278763,0.625187197,0.625095644,0.625004105,0.624912579,0.624821066,0.624729567,0.624638082,0.62454661,0.624455151,0.624363705,0.624272273,0.624180855,0.624089449,0.623998058,0.623906679,0.623815314,0.623723962,0.623632624,0.623541299,0.623449987,0.623358689,0.623267404,0.623176133,0.623084875,0.62299363,0.622902399,0.62281118,0.622719976,0.622628784,0.622537607,0.622446442,0.622355291,0.622264153,0.622173028,0.622081917,0.621990819,0.621899735,0.621808663,0.621717605,0.621626561,0.62153553,0.621444512,0.621353507,0.621262516,0.621171538,0.621080574,0.620989622,0.620898684,0.62080776,0.620716849,0.620625951,0.620535066,0.620444194,0.620353336,0.620262492,0.62017166,0.620080842,0.619990037,0.619899246,0.619808467,0.619717702,0.619626951,0.619536212,0.619445487,0.619354776,0.619264077,0.619173392,0.61908272,0.618992061,0.618901416,0.618810784,0.618720165,0.618629559,0.618538967,0.618448388,0.618357822,0.618267269,0.61817673,0.618086204,0.617995691,0.617905192,0.617814706,0.617724233,0.617633773,0.617543326,0.617452893,0.617362473,0.617272066,0.617181673,0.617091293,0.617000926,0.616910572,0.616820231,0.616729904,0.61663959,0.616549289,0.616459001,0.616368727,0.616278465,0.616188217,0.616097983,0.616007761,0.615917553,0.615827357,0.615737175,0.615647007,0.615556851,0.615466709,0.61537658,0.615286464,0.615196361,0.615106271,0.615016195,0.614926132,0.614836082,0.614746045,0.614656021,0.614566011,0.614476014,0.61438603,0.614296059,0.614206101,0.614116156,0.614026225,0.613936307,0.613846402,0.61375651,0.613666631,0.613576766,0.613486913,0.613397074,0.613307248,0.613217435,0.613127635,0.613037849,0.612948075,0.612858315,0.612768568,0.612678834,0.612589113,0.612499405,0.61240971,0.612320029,0.612230361,0.612140705,0.612051063,0.611961434,0.611871818,0.611782216,0.611692626,0.61160305,0.611513486,0.611423936,0.611334399,0.611244875,0.611155364,0.611065866,0.610976382,0.61088691,0.610797452,0.610708006,0.610618574,0.610529155,0.610439749,0.610350356,0.610260976
North Central,Northern Lake States,Hardwood,Sawlog,0.6097,5144,0.6236,0.6097,0.609626091,0.609552192,0.609478301,0.609404419,0.609330547,0.609256683,0.609182828,0.609108982,0.609035145,0.608961317,0.608887498,0.608813688,0.608739887,0.608666094,0.608592311,0.608518537,0.608444771,0.608371015,0.608297267,0.608223529,0.608149799,0.608076079,0.608002367,0.607928664,0.60785497,0.607781285,0.607707609,0.607633942,0.607560284,0.607486635,0.607412994,0.607339363,0.607265741,0.607192127,0.607118522,0.607044927,0.60697134,0.606897762,0.606824193,0.606750633,0.606677082,0.60660354,0.606530007,0.606456482,0.606382967,0.60630946,0.606235963,0.606162474,0.606088994,0.606015524,0.605942062,0.605868608,0.605795164,0.605721729,0.605648303,0.605574885,0.605501477,0.605428077,0.605354686,0.605281304,0.605207931,0.605134567,0.605061212,0.604987866,0.604914529,0.6048412,0.60476788,0.60469457,0.604621268,0.604547975,0.604474691,0.604401416,0.604328149,0.604254892,0.604181643,0.604108404,0.604035173,0.603961951,0.603888738,0.603815534,0.603742338,0.603669152,0.603595975,0.603522806,0.603449646,0.603376495,0.603303353,0.60323022,0.603157096,0.60308398,0.603010873,0.602937776,0.602864687,0.602791607,0.602718536,0.602645473,0.60257242,0.602499375,0.60242634,0.602353313,0.602280295,0.602207285,0.602134285,0.602061294,0.601988311,0.601915337,0.601842372,0.601769416,0.601696469,0.601623531,0.601550601,0.60147768,0.601404768,0.601331865,0.601258971,0.601186086,0.601113209,0.601040341,0.600967483,0.600894633,0.600821791,0.600748959,0.600676135,0.600603321,0.600530515,0.600457718,0.60038493,0.60031215,0.600239379,0.600166618,0.600093865,0.600021121,0.599948385,0.599875659,0.599802941,0.599730232,0.599657532,0.599584841,0.599512158,0.599439485,0.59936682,0.599294164,0.599221517,0.599148878,0.599076249,0.599003628,0.598931016,0.598858413,0.598785819,0.598713233,0.598640656,0.598568088,0.598495529,0.598422979,0.598350437,0.598277904,0.59820538,0.598132865,0.598060359,0.597987861,0.597915372,0.597842892,0.597770421,0.597697958,0.597625505,0.59755306,0.597480624,0.597408196,0.597335778,0.597263368,0.597190967,0.597118575,0.597046191,0.596973816,0.59690145,0.596829093,0.596756745,0.596684405,0.596612074,0.596539752,0.596467439,0.596395135,0.596322839,0.596250552,0.596178274,0.596106004,0.596033743,0.595961491,0.595889248,0.595817014,0.595744788,0.595672571,0.595600363,0.595528163,0.595455973,0.595383791,0.595311618,0.595239453,0.595167298,0.595095151
North Central,Northern Lake States,Softwood,Sawlog,0.6728,2162,0.655,0.6728,0.672596199,0.67239246,0.672188783,0.671985167,0.671781613,0.671578121,0.67137469,0.671171321,0.670968014,0.670764768,0.670561584,0.670358461,0.6701554,0.6699524,0.669749462,0.669546585,0.66934377,0.669141016,0.668938324,0.668735693,0.668533123,0.668330615,0.668128168,0.667925783,0.667723458,0.667521195,0.667318993,0.667116853,0.666914774,0.666712756,0.666510799,0.666308903,0.666107069,0.665905295,0.665703583,0.665501932,0.665300342,0.665098813,0.664897345,0.664695938,0.664494592,0.664293307,0.664092083,0.66389092,0.663689818,0.663488777,0.663287797,0.663086877,0.662886019,0.662685221,0.662484484,0.662283808,0.662083193,0.661882638,0.661682145,0.661481712,0.661281339,0.661081028,0.660880777,0.660680586,0.660480457,0.660280388,0.660080379,0.659880432,0.659680544,0.659480718,0.659280952,0.659081246,0.658881601,0.658682016,0.658482492,0.658283028,0.658083625,0.657884282,0.657684999,0.657485777,0.657286615,0.657087514,0.656888472,0.656689491,0.656490571,0.65629171,0.65609291,0.65589417,0.65569549,0.655496871,0.655298311,0.655099812,0.654901373,0.654702994,0.654504675,0.654306416,0.654108218,0.653910079,0.653712,0.653513981,0.653316023,0.653118124,0.652920285,0.652722506,0.652524787,0.652327128,0.652129529,0.651931989,0.65173451,0.65153709,0.65133973,0.65114243,0.65094519,0.650748009,0.650550888,0.650353827,0.650156825,0.649959884,0.649763001,0.649566179,0.649369416,0.649172713,0.648976069,0.648779485,0.64858296,0.648386495,0.64819009,0.647993743,0.647797457,0.64760123,0.647405062,0.647208954,0.647012905,0.646816915,0.646620985,0.646425115,0.646229303,0.646033551,0.645837858,0.645642225,0.64544665,0.645251135,0.645055679,0.644860283,0.644664945,0.644469667,0.644274448,0.644079288,0.643884187,0.643689145,0.643494163,0.643299239,0.643104375,0.642909569,0.642714823,0.642520135,0.642325507,0.642130937,0.641936426,0.641741974,0.641547582,0.641353248,0.641158973,0.640964756,0.640770599,0.6405765,0.640382461,0.64018848,0.639994557,0.639800694,0.639606889,0.639413143,0.639219455,0.639025827,0.638832257,0.638638745,0.638445292,0.638251898,0.638058562,0.637865285,0.637672067,0.637478907,0.637285805,0.637092762,0.636899778,0.636706852,0.636513984,0.636321175,0.636128424,0.635935732,0.635743098,0.635550522,0.635358005,0.635165545,0.634973145,0.634780802,0.634588518,0.634396292,0.634204124,0.634012015,0.633819964,0.63362797,0.633436035,0.633244159
North Central,Northern Lake States,Hardwood,Pulpwood,0.5243,3399,0.5451,0.5243,0.524215924,0.524131862,0.524047814,0.523963778,0.523879757,0.523795749,0.523711754,0.523627772,0.523543805,0.52345985,0.523375909,0.523291982,0.523208068,0.523124167,0.52304028,0.522956407,0.522872547,0.5227887,0.522704867,0.522621047,0.52253724,0.522453448,0.522369668,0.522285902,0.522202149,0.52211841,0.522034684,0.521950972,0.521867273,0.521783588,0.521699915,0.521616257,0.521532612,0.52144898,0.521365361,0.521281756,0.521198165,0.521114586,0.521031022,0.52094747,0.520863932,0.520780408,0.520696896,0.520613399,0.520529914,0.520446443,0.520362985,0.520279541,0.52019611,0.520112693,0.520029288,0.519945898,0.51986252,0.519779156,0.519695806,0.519612468,0.519529144,0.519445834,0.519362537,0.519279253,0.519195982,0.519112725,0.519029481,0.518946251,0.518863034,0.51877983,0.51869664,0.518613463,0.518530299,0.518447148,0.518364011,0.518280888,0.518197777,0.51811468,0.518031596,0.517948526,0.517865469,0.517782425,0.517699395,0.517616377,0.517533374,0.517450383,0.517367406,0.517284442,0.517201491,0.517118554,0.51703563,0.516952719,0.516869822,0.516786938,0.516704067,0.516621209,0.516538365,0.516455534,0.516372716,0.516289912,0.516207121,0.516124343,0.516041578,0.515958827,0.515876089,0.515793364,0.515710653,0.515627955,0.51554527,0.515462598,0.515379939,0.515297294,0.515214662,0.515132043,0.515049438,0.514966846,0.514884267,0.514801701,0.514719149,0.514636609,0.514554083,0.514471571,0.514389071,0.514306585,0.514224112,0.514141652,0.514059205,0.513976772,0.513894351,0.513811944,0.513729551,0.51364717,0.513564803,0.513482449,0.513400108,0.51331778,0.513235465,0.513153164,0.513070876,0.512988601,0.512906339,0.512824091,0.512741855,0.512659633,0.512577424,0.512495228,0.512413046,0.512330876,0.51224872,0.512166577,0.512084447,0.51200233,0.511920227,0.511838136,0.511756059,0.511673995,0.511591944,0.511509906,0.511427882,0.51134587,0.511263872,0.511181887,0.511099915,0.511017956,0.51093601,0.510854077,0.510772158,0.510690252,0.510608358,0.510526478,0.510444611,0.510362758,0.510280917,0.510199089,0.510117275,0.510035474,0.509953686,0.50987191,0.509790149,0.5097084,0.509626664,0.509544941,0.509463232,0.509381535,0.509299852,0.509218182,0.509136525,0.509054881,0.50897325,0.508891632,0.508810027,0.508728435,0.508646857,0.508565291,0.508483739,0.5084022,0.508320673,0.50823916,0.50815766,0.508076173,0.507994699,0.507913238,0.50783179,0.507750355
North Central,Great Plains,Softwood,Pulpwood,0.6284,3494,0.5117,0.6284,0.628307977,0.628215967,0.628123971,0.628031988,0.627940019,0.627848063,0.627756121,0.627664192,0.627572277,0.627480375,0.627388487,0.627296612,0.62720475,0.627112902,0.627021067,0.626929246,0.626837439,0.626745644,0.626653863,0.626562096,0.626470342,0.626378602,0.626286874,0.626195161,0.626103461,0.626011774,0.6259201,0.62582844,0.625736794,0.625645161,0.625553541,0.625461935,0.625370342,0.625278763,0.625187197,0.625095644,0.625004105,0.624912579,0.624821066,0.624729567,0.624638082,0.62454661,0.624455151,0.624363705,0.624272273,0.624180855,0.624089449,0.623998058,0.623906679,0.623815314,0.623723962,0.623632624,0.623541299,0.623449987,0.623358689,0.623267404,0.623176133,0.623084875,0.62299363,0.622902399,0.62281118,0.622719976,0.622628784,0.622537607,0.622446442,0.622355291,0.622264153,0.622173028,0.622081917,0.621990819,0.621899735,0.621808663,0.621717605,0.621626561,0.62153553,0.621444512,0.621353507,0.621262516,0.621171538,0.621080574,0.620989622,0.620898684,0.62080776,0.620716849,0.620625951,0.620535066,0.620444194,0.620353336,0.620262492,0.62017166,0.620080842,0.619990037,0.619899246,0.619808467,0.619717702,0.619626951,0.619536212,0.619445487,0.619354776,0.619264077,0.619173392,0.61908272,0.618992061,0.618901416,0.618810784,0.618720165,0.618629559,0.618538967,0.618448388,0.618357822,0.618267269,0.61817673,0.618086204,0.617995691,0.617905192,0.617814706,0.617724233,0.617633773,0.617543326,0.617452893,0.617362473,0.617272066,0.617181673,0.617091293,0.617000926,0.616910572,0.616820231,0.616729904,0.61663959,0.616549289,0.616459001,0.616368727,0.616278465,0.616188217,0.616097983,0.616007761,0.615917553,0.615827357,0.615737175,0.615647007,0.615556851,0.615466709,0.61537658,0.615286464,0.615196361,0.615106271,0.615016195,0.614926132,0.614836082,0.614746045,0.614656021,0.614566011,0.614476014,0.61438603,0.614296059,0.614206101,0.614116156,0.614026225,0.613936307,0.613846402,0.61375651,0.613666631,0.613576766,0.613486913,0.613397074,0.613307248,0.613217435,0.613127635,0.613037849,0.612948075,0.612858315,0.612768568,0.612678834,0.612589113,0.612499405,0.61240971,0.612320029,0.612230361,0.612140705,0.612051063,0.611961434,0.611871818,0.611782216,0.611692626,0.61160305,0.611513486,0.611423936,0.611334399,0.611244875,0.611155364,0.611065866,0.610976382,0.61088691,0.610797452,0.610708006,0.610618574,0.610529155,0.610439749,0.610350356,0.610260976
North Central,Great Plains,Hardwood,Sawlog,0.6097,5144,0.6236,0.6097,0.609626091,0.609552192,0.609478301,0.609404419,0.609330547,0.609256683,0.609182828,0.609108982,0.609035145,0.608961317,0.608887498,0.608813688,0.608739887,0.608666094,0.608592311,0.608518537,0.608444771,0.608371015,0.608297267,0.608223529,0.608149799,0.608076079,0.608002367,0.607928664,0.60785497,0.607781285,0.607707609,0.607633942,0.607560284,0.607486635,0.607412994,0.607339363,0.607265741,0.607192127,0.607118522,0.607044927,0.60697134,0.606897762,0.606824193,0.606750633,0.606677082,0.60660354,0.606530007,0.606456482,0.606382967,0.60630946,0.606235963,0.606162474,0.606088994,0.606015524,0.605942062,0.605868608,0.605795164,0.605721729,0.605648303,0.605574885,0.605501477,0.605428077,0.605354686,0.605281304,0.605207931,0.605134567,0.605061212,0.604987866,0.604914529,0.6048412,0.60476788,0.60469457,0.604621268,0.604547975,0.604474691,0.604401416,0.604328149,0.604254892,0.604181643,0.604108404,0.604035173,0.603961951,0.603888738,0.603815534,0.603742338,0.603669152,0.603595975,0.603522806,0.603449646,0.603376495,0.603303353,0.60323022,0.603157096,0.60308398,0.603010873,0.602937776,0.602864687,0.602791607,0.602718536,0.602645473,0.60257242,0.602499375,0.60242634,0.602353313,0.602280295,0.602207285,0.602134285,0.602061294,0.601988311,0.601915337,0.601842372,0.601769416,0.601696469,0.601623531,0.601550601,0.60147768,0.601404768,0.601331865,0.601258971,0.601186086,0.601113209,0.601040341,0.600967483,0.600894633,0.600821791,0.600748959,0.600676135,0.600603321,0.600530515,0.600457718,0.60038493,0.60031215,0.600239379,0.600166618,0.600093865,0.600021121,0.599948385,0.599875659,0.599802941,0.599730232,0.599657532,0.599584841,0.599512158,0.599439485,0.59936682,0.599294164,0.599221517,0.599148878,0.599076249,0.599003628,0.598931016,0.598858413,0.598785819,0.598713233,0.598640656,0.598568088,0.598495529,0.598422979,0.598350437,0.598277904,0.59820538,0.598132865,0.598060359,0.597987861,0.597915372,0.597842892,0.597770421,0.597697958,0.597625505,0.59755306,0.597480624,0.597408196,0.597335778,0.597263368,0.597190967,0.597118575,0.597046191,0.596973816,0.59690145,0.596829093,0.596756745,0.596684405,0.596612074,0.596539752,0.596467439,0.596395135,0.596322839,0.596250552,0.596178274,0.596106004,0.596033743,0.595961491,0.595889248,0.595817014,0.595744788,0.595672571,0.595600363,0.595528163,0.595455973,0.595383791,0.595311618,0.595239453,0.595167298,0.595095151
North Central,Great Plains,Softwood,Sawlog,0.6728,2162,0.655,0.6728,0.672596199,0.67239246,0.672188783,0.671985167,0.671781613,0.671578121,0.67137469,0.671171321,0.670968014,0.670764768,0.670561584,0.670358461,0.6701554,0.6699524,0.669749462,0.669546585,0.66934377,0.669141016,0.668938324,0.668735693,0.668533123,0.668330615,0.668128168,0.667925783,0.667723458,0.667521195,0.667318993,0.667116853,0.666914774,0.666712756,0.666510799,0.666308903,0.666107069,0.665905295,0.665703583,0.665501932,0.665300342,0.665098813,0.664897345,0.664695938,0.664494592,0.664293307,0.664092083,0.66389092,0.663689818,0.663488777,0.663287797,0.663086877,0.662886019,0.662685221,0.662484484,0.662283808,0.662083193,0.661882638,0.661682145,0.661481712,0.661281339,0.661081028,0.660880777,0.660680586,0.660480457,0.660280388,0.660080379,0.659880432,0.659680544,0.659480718,0.659280952,0.659081246,0.658881601,0.658682016,0.658482492,0.658283028,0.658083625,0.657884282,0.657684999,0.657485777,0.657286615,0.657087514,0.656888472,0.656689491,0.656490571,0.65629171,0.65609291,0.65589417,0.65569549,0.655496871,0.655298311,0.655099812,0.654901373,0.654702994,0.654504675,0.654306416,0.654108218,0.653910079,0.653712,0.653513981,0.653316023,0.653118124,0.652920285,0.652722506,0.652524787,0.652327128,0.652129529,0.651931989,0.65173451,0.65153709,0.65133973,0.65114243,0.65094519,0.650748009,0.650550888,0.650353827,0.650156825,0.649959884,0.649763001,0.649566179,0.649369416,0.649172713,0.648976069,0.648779485,0.64858296,0.648386495,0.64819009,0.647993743,0.647797457,0.64760123,0.647405062,0.647208954,0.647012905,0.646816915,0.646620985,0.646425115,0.646229303,0.646033551,0.645837858,0.645642225,0.64544665,0.645251135,0.645055679,0.644860283,0.644664945,0.644469667,0.644274448,0.644079288,0.643884187,0.643689145,0.643494163,0.643299239,0.643104375,0.642909569,0.642714823,0.642520135,0.642325507,0.642130937,0.641936426,0.641741974,0.641547582,0.641353248,0.641158973,0.640964756,0.640770599,0.6405765,0.640382461,0.64018848,0.639994557,0.639800694,0.639606889,0.639413143,0.639219455,0.639025827,0.638832257,0.638638745,0.638445292,0.638251898,0.638058562,0.637865285,0.637672067,0.637478907,0.637285805,0.637092762,0.636899778,0.636706852,0.636513984,0.636321175,0.636128424,0.635935732,0.635743098,0.635550522,0.635358005,0.635165545,0.634973145,0.634780802,0.634588518,0.634396292,0.634204124,0.634012015,0.633819964,0.63362797,0.633436035,0.633244159
North Central,Great Plains,Hardwood,Pulpwood,0.5243,3399,0.5451,0.5243,0.524215924,0.524131862,0.524047814,0.523963778,0.523879757,0.523795749,0.523711754,0.523627772,0.523543805,0.52345985,0.523375909,0.523291982,0.523208068,0.523124167,0.52304028,0.522956407,0.522872547,0.5227887,0.522704867,0.522621047,0.52253724,0.522453448,0.522369668,0.522285902,0.522202149,0.52211841,0.522034684,0.521950972,0.521867273,0.521783588,0.521699915,0.521616257,0.521532612,0.52144898,0.521365361,0.521281756,0.521198165,0.521114586,0.521031022,0.52094747,0.520863932,0.520780408,0.520696896,0.520613399,0.520529914,0.520446443,0.520362985,0.520279541,0.52019611,0.520112693,0.520029288,0.519945898,0.51986252,0.519779156,0.519695806,0.519612468,0.519529144,0.519445834,0.519362537,0.519279253,0.519195982,0.519112725,0.519029481,0.518946251,0.518863034,0.51877983,0.51869664,0.518613463,0.518530299,0.518447148,0.518364011,0.518280888,0.518197777,0.51811468,0.518031596,0.517948526,0.517865469,0.517782425,0.517699395,0.517616377,0.517533374,0.517450383,0.517367406,0.517284442,0.517201491,0.517118554,0.51703563,0.516952719,0.516869822,0.516786938,0.516704067,0.516621209,0.516538365,0.516455534,0.516372716,0.516289912,0.516207121,0.516124343,0.516041578,0.515958827,0.515876089,0.515793364,0.515710653,0.515627955,0.51554527,0.515462598,0.515379939,0.515297294,0.515214662,0.515132043,0.515049438,0.514966846,0.514884267,0.514801701,0.514719149,0.514636609,0.514554083,0.514471571,0.514389071,0.514306585,0.514224112,0.514141652,0.514059205,0.513976772,0.513894351,0.513811944,0.513729551,0.51364717,0.513564803,0.513482449,0.513400108,0.51331778,0.513235465,0.513153164,0.513070876,0.512988601,0.512906339,0.512824091,0.512741855,0.512659633,0.512577424,0.512495228,0.512413046,0.512330876,0.51224872,0.512166577,0.512084447,0.51200233,0.511920227,0.511838136,0.511756059,0.511673995,0.511591944,0.511509906,0.511427882,0.51134587,0.511263872,0.511181887,0.511099915,0.511017956,0.51093601,0.510854077,0.510772158,0.510690252,0.510608358,0.510526478,0.510444611,0.510362758,0.510280917,0.510199089,0.510117275,0.510035474,0.509953686,0.50987191,0.509790149,0.5097084,0.509626664,0.509544941,0.509463232,0.509381535,0.509299852,0.509218182,0.509136525,0.509054881,0.50897325,0.508891632,0.508810027,0.508728435,0.508646857,0.508565291,0.508483739,0.5084022,0.508320673,0.50823916,0.50815766,0.508076173,0.507994699,0.507913238,0.50783179,0.507750355
"Pacific Northwest, East",Pacific Northwest Eastside,Softwood,All,0.5421,1144,0.7958,0.5421,0.54172303,0.541346323,0.540969878,0.540593694,0.540217772,0.539842111,0.539466712,0.539091573,0.538716696,0.538342079,0.537967723,0.537593627,0.537219791,0.536846215,0.536472899,0.536099842,0.535727045,0.535354507,0.534982228,0.534610208,0.534238447,0.533866944,0.5334957,0.533124714,0.532753986,0.532383515,0.532013302,0.531643347,0.531273649,0.530904208,0.530535024,0.530166096,0.529797425,0.529429011,0.529060852,0.52869295,0.528325304,0.527957913,0.527590778,0.527223898,0.526857273,0.526490903,0.526124788,0.525758927,0.525393321,0.525027969,0.524662871,0.524298027,0.523933437,0.5235691,0.523205017,0.522841186,0.522477609,0.522114285,0.521751213,0.521388394,0.521025827,0.520663512,0.520301449,0.519939638,0.519578078,0.51921677,0.518855714,0.518494908,0.518134353,0.517774049,0.517413995,0.517054192,0.516694639,0.516335336,0.515976283,0.515617479,0.515258925,0.514900621,0.514542565,0.514184759,0.513827201,0.513469892,0.513112832,0.51275602,0.512399455,0.512043139,0.511687071,0.51133125,0.510975677,0.510620351,0.510265272,0.50991044,0.509555854,0.509201515,0.508847423,0.508493577,0.508139977,0.507786623,0.507433514,0.507080651,0.506728034,0.506375662,0.506023534,0.505671652,0.505320014,0.504968621,0.504617472,0.504266567,0.503915907,0.50356549,0.503215317,0.502865387,0.502515701,0.502166258,0.501817058,0.5014681,0.501119386,0.500770913,0.500422684,0.500074696,0.49972695,0.499379446,0.499032184,0.498685164,0.498338384,0.497991846,0.497645549,0.497299492,0.496953676,0.496608101,0.496262766,0.495917671,0.495572816,0.495228201,0.494883825,0.494539689,0.494195793,0.493852135,0.493508716,0.493165537,0.492822596,0.492479893,0.492137429,0.491795202,0.491453214,0.491111464,0.490769951,0.490428676,0.490087638,0.489746837,0.489406273,0.489065946,0.488725856,0.488386002,0.488046384,0.487707003,0.487367858,0.487028948,0.486690274,0.486351836,0.486013633,0.485675665,0.485337932,0.485000435,0.484663171,0.484326143,0.483989348,0.483652788,0.483316462,0.48298037,0.482644511,0.482308886,0.481973495,0.481638337,0.481303411,0.480968719,0.480634259,0.480300032,0.479966038,0.479632275,0.479298745,0.478965447,0.47863238,0.478299545,0.477966942,0.477634569,0.477302428,0.476970518,0.476638839,0.47630739,0.475976172,0.475645184,0.475314426,0.474983899,0.474653601,0.474323533,0.473993694,0.473664085,0.473334705,0.473005554,0.472676631,0.472347938,0.472019473,0.471691237
"Pacific Northwest, East",Pacific Northwest Eastside,Hardwood,All,0.5917,6433,0.6054,0.5917,0.591644319,0.591588642,0.591532972,0.591477306,0.591421645,0.59136599,0.59131034,0.591254696,0.591199056,0.591143422,0.591087793,0.591032169,0.590976551,0.590920937,0.590865329,0.590809726,0.590754129,0.590698536,0.590642949,0.590587367,0.590531791,0.590476219,0.590420653,0.590365092,0.590309536,0.590253986,0.59019844,0.5901429,0.590087366,0.590031836,0.589976311,0.589920792,0.589865278,0.58980977,0.589754266,0.589698768,0.589643275,0.589587787,0.589532304,0.589476827,0.589421355,0.589365888,0.589310426,0.58925497,0.589199518,0.589144072,0.589088631,0.589033196,0.588977765,0.58892234,0.58886692,0.588811505,0.588756096,0.588700691,0.588645292,0.588589898,0.58853451,0.588479126,0.588423748,0.588368375,0.588313007,0.588257644,0.588202287,0.588146935,0.588091588,0.588036246,0.587980909,0.587925578,0.587870252,0.587814931,0.587759615,0.587704304,0.587648999,0.587593699,0.587538404,0.587483114,0.587427829,0.58737255,0.587317276,0.587262007,0.587206743,0.587151485,0.587096231,0.587040983,0.58698574,0.586930502,0.58687527,0.586820043,0.58676482,0.586709603,0.586654392,0.586599185,0.586543984,0.586488788,0.586433597,0.586378411,0.58632323,0.586268055,0.586212885,0.58615772,0.58610256,0.586047405,0.585992256,0.585937111,0.585881972,0.585826838,0.58577171,0.585716586,0.585661468,0.585606355,0.585551247,0.585496144,0.585441047,0.585385954,0.585330867,0.585275785,0.585220708,0.585165636,0.58511057,0.585055509,0.585000453,0.584945402,0.584890356,0.584835315,0.58478028,0.58472525,0.584670225,0.584615205,0.58456019,0.584505181,0.584450176,0.584395177,0.584340183,0.584285194,0.584230211,0.584175232,0.584120259,0.584065291,0.584010328,0.58395537,0.583900418,0.58384547,0.583790528,0.583735591,0.583680659,0.583625732,0.583570811,0.583515894,0.583460983,0.583406077,0.583351176,0.583296281,0.58324139,0.583186505,0.583131624,0.583076749,0.583021879,0.582967015,0.582912155,0.582857301,0.582802451,0.582747607,0.582692768,0.582637935,0.582583106,0.582528283,0.582473464,0.582418651,0.582363843,0.58230904,0.582254243,0.58219945,0.582144663,0.582089881,0.582035104,0.581980332,0.581925565,0.581870804,0.581816047,0.581761296,0.58170655,0.581651809,0.581597073,0.581542342,0.581487617,0.581432897,0.581378181,0.581323471,0.581268766,0.581214067,0.581159372,0.581104683,0.581049998,0.580995319,0.580940645,0.580885976,0.580831312,0.580776654,0.580722,0.580667352
"Pacific Northwest, West",Pacific Northwest Westside,Hardwood,All,0.6147,4746,0.6306,0.6147,0.61461833,0.614536672,0.614455024,0.614373387,0.61429176,0.614210145,0.61412854,0.614046947,0.613965364,0.613883792,0.613802231,0.61372068,0.613639141,0.613557612,0.613476094,0.613394587,0.613313091,0.613231606,0.613150131,0.613068667,0.612987214,0.612905772,0.612824341,0.612742921,0.612661511,0.612580112,0.612498724,0.612417347,0.612335981,0.612254625,0.612173281,0.612091947,0.612010623,0.611929311,0.61184801,0.611766719,0.611685439,0.61160417,0.611522912,0.611441664,0.611360427,0.611279201,0.611197986,0.611116782,0.611035588,0.610954406,0.610873234,0.610792072,0.610710922,0.610629782,0.610548653,0.610467535,0.610386428,0.610305332,0.610224246,0.610143171,0.610062107,0.609981053,0.609900011,0.609818979,0.609737958,0.609656947,0.609575948,0.609494959,0.609413981,0.609333013,0.609252057,0.609171111,0.609090176,0.609009252,0.608928338,0.608847435,0.608766543,0.608685662,0.608604791,0.608523931,0.608443082,0.608362244,0.608281416,0.6082006,0.608119793,0.608038998,0.607958213,0.60787744,0.607796676,0.607715924,0.607635182,0.607554451,0.607473731,0.607393021,0.607312323,0.607231634,0.607150957,0.60707029,0.606989635,0.606908989,0.606828355,0.606747731,0.606667118,0.606586516,0.606505924,0.606425343,0.606344773,0.606264213,0.606183664,0.606103126,0.606022599,0.605942082,0.605861576,0.605781081,0.605700596,0.605620122,0.605539659,0.605459206,0.605378764,0.605298333,0.605217912,0.605137503,0.605057103,0.604976715,0.604896337,0.60481597,0.604735614,0.604655268,0.604574933,0.604494608,0.604414295,0.604333992,0.604253699,0.604173418,0.604093146,0.604012886,0.603932636,0.603852397,0.603772169,0.603691951,0.603611744,0.603531548,0.603451362,0.603371187,0.603291022,0.603210868,0.603130725,0.603050593,0.602970471,0.60289036,0.602810259,0.602730169,0.60265009,0.602570021,0.602489963,0.602409916,0.602329879,0.602249853,0.602169837,0.602089832,0.602009838,0.601929855,0.601849882,0.601769919,0.601689968,0.601610026,0.601530096,0.601450176,0.601370267,0.601290368,0.60121048,0.601130603,0.601050736,0.60097088,0.600891034,0.600811199,0.600731375,0.600651561,0.600571758,0.600491965,0.600412184,0.600332412,0.600252651,0.600172901,0.600093162,0.600013433,0.599933714,0.599854007,0.59977431,0.599694623,0.599614947,0.599535282,0.599455627,0.599375982,0.599296349,0.599216726,0.599137113,0.599057511,0.59897792,0.598898339,0.598818769,0.598739209,0.59865966,0.598580122
"Pacific Northwest, West",Pacific Northwest Westside,Softwood,Sawlog,0.4823,823,0.8561,0.4823,0.481798563,0.481297648,0.480797254,0.480297379,0.479798025,0.479299189,0.478800873,0.478303074,0.477805793,0.477309029,0.476812781,0.476317049,0.475821833,0.475327132,0.474832945,0.474339271,0.473846111,0.473353464,0.472861329,0.472369705,0.471878593,0.471387991,0.4708979,0.470408317,0.469919244,0.46943068,0.468942623,0.468455074,0.467968031,0.467481495,0.466995465,0.46650994,0.46602492,0.465540404,0.465056392,0.464572884,0.464089877,0.463607373,0.463125371,0.46264387,0.462162869,0.461682369,0.461202368,0.460722866,0.460243863,0.459765357,0.459287349,0.458809838,0.458332824,0.457856306,0.457380282,0.456904754,0.456429721,0.455955181,0.455481134,0.45500758,0.454534519,0.45406195,0.453589872,0.453118284,0.452647187,0.45217658,0.451706462,0.451236833,0.450767692,0.450299039,0.449830873,0.449363193,0.448896,0.448429293,0.447963071,0.447497334,0.447032081,0.446567311,0.446103025,0.445639222,0.445175901,0.444713061,0.444250703,0.443788825,0.443327428,0.44286651,0.442406071,0.441946112,0.44148663,0.441027626,0.440569099,0.44011105,0.439653476,0.439196378,0.438739755,0.438283607,0.437827933,0.437372733,0.436918007,0.436463753,0.436009971,0.435556661,0.435103822,0.434651454,0.434199557,0.433748129,0.433297171,0.432846682,0.43239666,0.431947107,0.431498021,0.431049402,0.43060125,0.430153563,0.429706342,0.429259586,0.428813294,0.428367467,0.427922102,0.427477201,0.427032763,0.426588786,0.426145271,0.425702217,0.425259624,0.424817491,0.424375818,0.423934604,0.423493848,0.423053551,0.422613712,0.42217433,0.421735404,0.421296935,0.420858922,0.420421364,0.419984262,0.419547613,0.419111419,0.418675678,0.41824039,0.417805555,0.417371172,0.41693724,0.41650376,0.41607073,0.415638151,0.415206021,0.41477434,0.414343109,0.413912325,0.41348199,0.413052102,0.41262266,0.412193666,0.411765117,0.411337014,0.410909356,0.410482143,0.410055374,0.409629048,0.409203166,0.408777726,0.408352729,0.407928174,0.40750406,0.407080387,0.406657155,0.406234362,0.405812009,0.405390095,0.40496862,0.404547583,0.404126984,0.403706822,0.403287097,0.402867809,0.402448956,0.402030539,0.401612556,0.401195009,0.400777895,0.400361215,0.399944969,0.399529155,0.399113773,0.398698823,0.398284305,0.397870217,0.397456561,0.397043334,0.396630537,0.396218169,0.395806229,0.395394718,0.394983635,0.39457298,0.394162751,0.393752948,0.393343572,0.392934622,0.392526096,0.392117995,0.391710319
"Pacific Northwest, West",Pacific Northwest Westside,Softwood,Pulpwood,0.704,2376,0.5184,0.704,0.703846417,0.703692867,0.703539351,0.703385868,0.703232419,0.703079003,0.702925621,0.702772272,0.702618956,0.702465674,0.702312426,0.702159211,0.702006029,0.701852881,0.701699766,0.701546685,0.701393637,0.701240622,0.701087641,0.700934693,0.700781778,0.700628897,0.700476049,0.700323235,0.700170454,0.700017706,0.699864991,0.69971231,0.699559662,0.699407048,0.699254467,0.699101919,0.698949404,0.698796923,0.698644474,0.69849206,0.698339678,0.698187329,0.698035014,0.697882732,0.697730484,0.697578268,0.697426086,0.697273937,0.697121821,0.696969738,0.696817689,0.696665672,0.696513689,0.696361739,0.696209822,0.696057938,0.695906088,0.69575427,0.695602486,0.695450735,0.695299016,0.695147331,0.694995679,0.694844061,0.694692475,0.694540922,0.694389402,0.694237916,0.694086462,0.693935042,0.693783654,0.6936323,0.693480978,0.69332969,0.693178434,0.693027212,0.692876022,0.692724866,0.692573743,0.692422652,0.692271594,0.69212057,0.691969578,0.691818619,0.691667694,0.691516801,0.691365941,0.691215114,0.69106432,0.690913559,0.69076283,0.690612135,0.690461472,0.690310842,0.690160246,0.690009682,0.689859151,0.689708652,0.689558187,0.689407754,0.689257354,0.689106987,0.688956653,0.688806352,0.688656083,0.688505847,0.688355644,0.688205474,0.688055336,0.687905231,0.687755159,0.68760512,0.687455114,0.68730514,0.687155199,0.68700529,0.686855414,0.686705571,0.686555761,0.686405983,0.686256238,0.686106526,0.685956847,0.6858072,0.685657585,0.685508003,0.685358454,0.685208938,0.685059454,0.684910003,0.684760584,0.684611198,0.684461845,0.684312524,0.684163236,0.68401398,0.683864757,0.683715566,0.683566408,0.683417283,0.68326819,0.683119129,0.682970102,0.682821106,0.682672143,0.682523213,0.682374315,0.68222545,0.682076617,0.681927816,0.681779048,0.681630312,0.681481609,0.681332939,0.6811843,0.681035695,0.680887121,0.68073858,0.680590072,0.680441595,0.680293152,0.68014474,0.679996361,0.679848015,0.6796997,0.679551418,0.679403169,0.679254952,0.679106767,0.678958614,0.678810494,0.678662406,0.67851435,0.678366327,0.678218336,0.678070377,0.677922451,0.677774556,0.677626694,0.677478865,0.677331067,0.677183302,0.677035569,0.676887868,0.6767402,0.676592563,0.676444959,0.676297387,0.676149848,0.67600234,0.675854865,0.675707422,0.675560011,0.675412632,0.675265285,0.675117971,0.674970688,0.674823438,0.67467622,0.674529034,0.67438188,0.674234758,0.674087668,0.673940611
Pacific Southwest,Pacific Southwest,Hardwood,All,0.5917,6433,0.6054,0.5917,0.591644319,0.591588642,0.591532972,0.591477306,0.591421645,0.59136599,0.59131034,0.591254696,0.591199056,0.591143422,0.591087793,0.591032169,0.590976551,0.590920937,0.590865329,0.590809726,0.590754129,0.590698536,0.590642949,0.590587367,0.590531791,0.590476219,0.590420653,0.590365092,0.590309536,0.590253986,0.59019844,0.5901429,0.590087366,0.590031836,0.589976311,0.589920792,0.589865278,0.58980977,0.589754266,0.589698768,0.589643275,0.589587787,0.589532304,0.589476827,0.589421355,0.589365888,0.589310426,0.58925497,0.589199518,0.589144072,0.589088631,0.589033196,0.588977765,0.58892234,0.58886692,0.588811505,0.588756096,0.588700691,0.588645292,0.588589898,0.58853451,0.588479126,0.588423748,0.588368375,0.588313007,0.588257644,0.588202287,0.588146935,0.588091588,0.588036246,0.587980909,0.587925578,0.587870252,0.587814931,0.587759615,0.587704304,0.587648999,0.587593699,0.587538404,0.587483114,0.587427829,0.58737255,0.587317276,0.587262007,0.587206743,0.587151485,0.587096231,0.587040983,0.58698574,0.586930502,0.58687527,0.586820043,0.58676482,0.586709603,0.586654392,0.586599185,0.586543984,0.586488788,0.586433597,0.586378411,0.58632323,0.586268055,0.586212885,0.58615772,0.58610256,0.586047405,0.585992256,0.585937111,0.585881972,0.585826838,0.58577171,0.585716586,0.585661468,0.585606355,0.585551247,0.585496144,0.585441047,0.585385954,0.585330867,0.585275785,0.585220708,0.585165636,0.58511057,0.585055509,0.585000453,0.584945402,0.584890356,0.584835315,0.58478028,0.58472525,0.584670225,0.584615205,0.58456019,0.584505181,0.584450176,0.584395177,0.584340183,0.584285194,0.584230211,0.584175232,0.584120259,0.584065291,0.584010328,0.58395537,0.583900418,0.58384547,0.583790528,0.583735591,0.583680659,0.583625732,0.583570811,0.583515894,0.583460983,0.583406077,0.583351176,0.583296281,0.58324139,0.583186505,0.583131624,0.583076749,0.583021879,0.582967015,0.582912155,0.582857301,0.582802451,0.582747607,0.582692768,0.582637935,0.582583106,0.582528283,0.582473464,0.582418651,0.582363843,0.58230904,0.582254243,0.58219945,0.582144663,0.582089881,0.582035104,0.581980332,0.581925565,0.581870804,0.581816047,0.581761296,0.58170655,0.581651809,0.581597073,0.581542342,0.581487617,0.581432897,0.581378181,0.581323471,0.581268766,0.581214067,0.581159372,0.581104683,0.581049998,0.580995319,0.580940645,0.580885976,0.580831312,0.580776654,0.580722,0.580667352
Pacific Southwest,Pacific Southwest,Softwood,All,0.5216,1278,0.8061,0.5216,0.521271104,0.520942415,0.520613934,0.520285659,0.519957592,0.519629732,0.519302078,0.518974631,0.51864739,0.518320356,0.517993528,0.517666906,0.51734049,0.51701428,0.516688275,0.516362476,0.516036883,0.515711494,0.515386311,0.515061333,0.51473656,0.514411992,0.514087628,0.513763469,0.513439514,0.513115764,0.512792217,0.512468875,0.512145737,0.511822802,0.511500071,0.511177543,0.510855219,0.510533098,0.510211181,0.509889466,0.509567954,0.509246645,0.508925538,0.508604634,0.508283932,0.507963432,0.507643135,0.507323039,0.507003146,0.506683454,0.506363963,0.506044674,0.505725587,0.5054067,0.505088015,0.50476953,0.504451247,0.504133164,0.503815282,0.5034976,0.503180118,0.502862837,0.502545755,0.502228874,0.501912192,0.501595711,0.501279428,0.500963345,0.500647462,0.500331777,0.500016292,0.499701006,0.499385918,0.499071029,0.498756339,0.498441847,0.498127553,0.497813458,0.49749956,0.497185861,0.496872359,0.496559055,0.496245949,0.49593304,0.495620328,0.495307813,0.494995496,0.494683375,0.494371452,0.494059724,0.493748194,0.49343686,0.493125722,0.492814781,0.492504035,0.492193486,0.491883132,0.491572974,0.491263011,0.490953244,0.490643673,0.490334296,0.490025115,0.489716128,0.489407337,0.48909874,0.488790337,0.48848213,0.488174116,0.487866297,0.487558672,0.48725124,0.486944003,0.486636959,0.486330109,0.486023453,0.485716989,0.485410719,0.485104643,0.484798759,0.484493068,0.48418757,0.483882264,0.483577151,0.48327223,0.482967502,0.482662966,0.482358621,0.482054469,0.481750508,0.48144674,0.481143162,0.480839776,0.480536582,0.480233578,0.479930766,0.479628144,0.479325714,0.479023474,0.478721425,0.478419566,0.478117897,0.477816419,0.47751513,0.477214032,0.476913124,0.476612405,0.476311876,0.476011537,0.475711386,0.475411425,0.475111654,0.474812071,0.474512677,0.474213472,0.473914456,0.473615628,0.473316988,0.473018537,0.472720274,0.4724222,0.472124313,0.471826614,0.471529102,0.471231778,0.470934642,0.470637693,0.470340932,0.470044357,0.46974797,0.469451769,0.469155755,0.468859928,0.468564287,0.468268833,0.467973565,0.467678483,0.467383587,0.467088877,0.466794353,0.466500015,0.466205863,0.465911895,0.465618114,0.465324517,0.465031106,0.464737879,0.464444838,0.464151981,0.463859309,0.463566821,0.463274518,0.462982399,0.462690465,0.462398714,0.462107148,0.461815765,0.461524566,0.46123355,0.460942719,0.46065207,0.460361605,0.460071323,0.459781224
Rocky Mountain,Rocky Mountain North,Softwood,All,0.7072,992,0.7353,0.7072,0.706675996,0.706152381,0.705629154,0.705106314,0.704583862,0.704061797,0.703540119,0.703018827,0.702497922,0.701977402,0.701457268,0.70093752,0.700418157,0.699899178,0.699380584,0.698862375,0.698344549,0.697827107,0.697310048,0.696793373,0.69627708,0.69576117,0.695245642,0.694730496,0.694215732,0.693701349,0.693187348,0.692673727,0.692160487,0.691647627,0.691135147,0.690623047,0.690111326,0.689599984,0.689089022,0.688578438,0.688068232,0.687558404,0.687048954,0.686539882,0.686031186,0.685522868,0.685014926,0.684507361,0.684000172,0.683493358,0.68298692,0.682480858,0.68197517,0.681469857,0.680964918,0.680460354,0.679956163,0.679452346,0.678948902,0.678445831,0.677943133,0.677440808,0.676938855,0.676437273,0.675936064,0.675435225,0.674934758,0.674434662,0.673934936,0.67343558,0.672936595,0.672437979,0.671939732,0.671441855,0.670944347,0.670447207,0.669950436,0.669454032,0.668957997,0.668462329,0.667967028,0.667472095,0.666977528,0.666483327,0.665989493,0.665496025,0.665002922,0.664510185,0.664017812,0.663525805,0.663034162,0.662542883,0.662051969,0.661561418,0.661071231,0.660581406,0.660091945,0.659602847,0.659114111,0.658625737,0.658137724,0.657650074,0.657162785,0.656675856,0.656189289,0.655703082,0.655217236,0.654731749,0.654246622,0.653761855,0.653277446,0.652793397,0.652309706,0.651826374,0.6513434,0.650860784,0.650378525,0.649896624,0.649415079,0.648933892,0.648453061,0.647972586,0.647492468,0.647012705,0.646533297,0.646054245,0.645575548,0.645097205,0.644619217,0.644141583,0.643664303,0.643187377,0.642710804,0.642234584,0.641758717,0.641283202,0.64080804,0.64033323,0.639858772,0.639384665,0.63891091,0.638437505,0.637964452,0.637491749,0.637019396,0.636547393,0.63607574,0.635604436,0.635133482,0.634662877,0.63419262,0.633722711,0.633253151,0.632783939,0.632315075,0.631846557,0.631378387,0.630910564,0.630443088,0.629975958,0.629509174,0.629042736,0.628576643,0.628110896,0.627645494,0.627180437,0.626715724,0.626251356,0.625787332,0.625323651,0.624860315,0.624397321,0.623934671,0.623472363,0.623010398,0.622548775,0.622087494,0.621626556,0.621165958,0.620705702,0.620245787,0.619786213,0.619326979,0.618868085,0.618409532,0.617951318,0.617493444,0.617035909,0.616578713,0.616121855,0.615665337,0.615209156,0.614753314,0.614297809,0.613842642,0.613387812,0.612933319,0.612479163,0.612025344,0.61157186,0.611118713,0.610665901,0.610213425,0.609761284
Rocky Mountain,Rocky Mountain North,Hardwood,All,0.5917,6433,0.6054,0.5917,0.591644319,0.591588642,0.591532972,0.591477306,0.591421645,0.59136599,0.59131034,0.591254696,0.591199056,0.591143422,0.591087793,0.591032169,0.590976551,0.590920937,0.590865329,0.590809726,0.590754129,0.590698536,0.590642949,0.590587367,0.590531791,0.590476219,0.590420653,0.590365092,0.590309536,0.590253986,0.59019844,0.5901429,0.590087366,0.590031836,0.589976311,0.589920792,0.589865278,0.58980977,0.589754266,0.589698768,0.589643275,0.589587787,0.589532304,0.589476827,0.589421355,0.589365888,0.589310426,0.58925497,0.589199518,0.589144072,0.589088631,0.589033196,0.588977765,0.58892234,0.58886692,0.588811505,0.588756096,0.588700691,0.588645292,0.588589898,0.58853451,0.588479126,0.588423748,0.588368375,0.588313007,0.588257644,0.588202287,0.588146935,0.588091588,0.588036246,0.587980909,0.587925578,0.587870252,0.587814931,0.587759615,0.587704304,0.587648999,0.587593699,0.587538404,0.587483114,0.587427829,0.58737255,0.587317276,0.587262007,0.587206743,0.587151485,0.587096231,0.587040983,0.58698574,0.586930502,0.58687527,0.586820043,0.58676482,0.586709603,0.586654392,0.586599185,0.586543984,0.586488788,0.586433597,0.586378411,0.58632323,0.586268055,0.586212885,0.58615772,0.58610256,0.586047405,0.585992256,0.585937111,0.585881972,0.585826838,0.58577171,0.585716586,0.585661468,0.585606355,0.585551247,0.585496144,0.585441047,0.585385954,0.585330867,0.585275785,0.585220708,0.585165636,0.58511057,0.585055509,0.585000453,0.584945402,0.584890356,0.584835315,0.58478028,0.58472525,0.584670225,0.584615205,0.58456019,0.584505181,0.584450176,0.584395177,0.584340183,0.584285194,0.584230211,0.584175232,0.584120259,0.584065291,0.584010328,0.58395537,0.583900418,0.58384547,0.583790528,0.583735591,0.583680659,0.583625732,0.583570811,0.583515894,0.583460983,0.583406077,0.583351176,0.583296281,0.58324139,0.583186505,0.583131624,0.583076749,0.583021879,0.582967015,0.582912155,0.582857301,0.582802451,0.582747607,0.582692768,0.582637935,0.582583106,0.582528283,0.582473464,0.582418651,0.582363843,0.58230904,0.582254243,0.58219945,0.582144663,0.582089881,0.582035104,0.581980332,0.581925565,0.581870804,0.581816047,0.581761296,0.58170655,0.581651809,0.581597073,0.581542342,0.581487617,0.581432897,0.581378181,0.581323471,0.581268766,0.581214067,0.581159372,0.581104683,0.581049998,0.580995319,0.580940645,0.580885976,0.580831312,0.580776654,0.580722,0.580667352
Rocky Mountain,Rocky Mountain South,Softwood,All,0.7072,992,0.7353,0.7072,0.706675996,0.706152381,0.705629154,0.705106314,0.704583862,0.704061797,0.703540119,0.703018827,0.702497922,0.701977402,0.701457268,0.70093752,0.700418157,0.699899178,0.699380584,0.698862375,0.698344549,0.697827107,0.697310048,0.696793373,0.69627708,0.69576117,0.695245642,0.694730496,0.694215732,0.693701349,0.693187348,0.692673727,0.692160487,0.691647627,0.691135147,0.690623047,0.690111326,0.689599984,0.689089022,0.688578438,0.688068232,0.687558404,0.687048954,0.686539882,0.686031186,0.685522868,0.685014926,0.684507361,0.684000172,0.683493358,0.68298692,0.682480858,0.68197517,0.681469857,0.680964918,0.680460354,0.679956163,0.679452346,0.678948902,0.678445831,0.677943133,0.677440808,0.676938855,0.676437273,0.675936064,0.675435225,0.674934758,0.674434662,0.673934936,0.67343558,0.672936595,0.672437979,0.671939732,0.671441855,0.670944347,0.670447207,0.669950436,0.669454032,0.668957997,0.668462329,0.667967028,0.667472095,0.666977528,0.666483327,0.665989493,0.665496025,0.665002922,0.664510185,0.664017812,0.663525805,0.663034162,0.662542883,0.662051969,0.661561418,0.661071231,0.660581406,0.660091945,0.659602847,0.659114111,0.658625737,0.658137724,0.657650074,0.657162785,0.656675856,0.656189289,0.655703082,0.655217236,0.654731749,0.654246622,0.653761855,0.653277446,0.652793397,0.652309706,0.651826374,0.6513434,0.650860784,0.650378525,0.649896624,0.649415079,0.648933892,0.648453061,0.647972586,0.647492468,0.647012705,0.646533297,0.646054245,0.645575548,0.645097205,0.644619217,0.644141583,0.643664303,0.643187377,0.642710804,0.642234584,0.641758717,0.641283202,0.64080804,0.64033323,0.639858772,0.639384665,0.63891091,0.638437505,0.637964452,0.637491749,0.637019396,0.636547393,0.63607574,0.635604436,0.635133482,0.634662877,0.63419262,0.633722711,0.633253151,0.632783939,0.632315075,0.631846557,0.631378387,0.630910564,0.630443088,0.629975958,0.629509174,0.629042736,0.628576643,0.628110896,0.627645494,0.627180437,0.626715724,0.626251356,0.625787332,0.625323651,0.624860315,0.624397321,0.623934671,0.623472363,0.623010398,0.622548775,0.622087494,0.621626556,0.621165958,0.620705702,0.620245787,0.619786213,0.619326979,0.618868085,0.618409532,0.617951318,0.617493444,0.617035909,0.616578713,0.616121855,0.615665337,0.615209156,0.614753314,0.614297809,0.613842642,0.613387812,0.612933319,0.612479163,0.612025344,0.61157186,0.611118713,0.610665901,0.610213425,0.609761284
Rocky Mountain,Rocky Mountain South,Hardwood,All,0.5917,6433,0.6054,0.5917,0.591644319,0.591588642,0.591532972,0.591477306,0.591421645,0.59136599,0.59131034,0.591254696,0.591199056,0.591143422,0.591087793,0.591032169,0.590976551,0.590920937,0.590865329,0.590809726,0.590754129,0.590698536,0.590642949,0.590587367,0.590531791,0.590476219,0.590420653,0.590365092,0.590309536,0.590253986,0.59019844,0.5901429,0.590087366,0.590031836,0.589976311,0.589920792,0.589865278,0.58980977,0.589754266,0.589698768,0.589643275,0.589587787,0.589532304,0.589476827,0.589421355,0.589365888,0.589310426,0.58925497,0.589199518,0.589144072,0.589088631,0.589033196,0.588977765,0.58892234,0.58886692,0.588811505,0.588756096,0.588700691,0.588645292,0.588589898,0.58853451,0.588479126,0.588423748,0.588368375,0.588313007,0.588257644,0.588202287,0.588146935,0.588091588,0.588036246,0.587980909,0.587925578,0.587870252,0.587814931,0.587759615,0.587704304,0.587648999,0.587593699,0.587538404,0.587483114,0.587427829,0.58737255,0.587317276,0.587262007,0.587206743,0.587151485,0.587096231,0.587040983,0.58698574,0.586930502,0.58687527,0.586820043,0.58676482,0.586709603,0.586654392,0.586599185,0.586543984,0.586488788,0.586433597,0.586378411,0.58632323,0.586268055,0.586212885,0.58615772,0.58610256,0.586047405,0.585992256,0.585937111,0.585881972,0.585826838,0.58577171,0.585716586,0.585661468,0.585606355,0.585551247,0.585496144,0.585441047,0.585385954,0.585330867,0.585275785,0.585220708,0.585165636,0.58511057,0.585055509,0.585000453,0.584945402,0.584890356,0.584835315,0.58478028,0.58472525,0.584670225,0.584615205,0.58456019,0.584505181,0.584450176,0.584395177,0.584340183,0.584285194,0.584230211,0.584175232,0.584120259,0.584065291,0.584010328,0.58395537,0.583900418,0.58384547,0.583790528,0.583735591,0.583680659,0.583625732,0.583570811,0.583515894,0.583460983,0.583406077,0.583351176,0.583296281,0.58324139,0.583186505,0.583131624,0.583076749,0.583021879,0.582967015,0.582912155,0.582857301,0.582802451,0.582747607,0.582692768,0.582637935,0.582583106,0.582528283,0.582473464,0.582418651,0.582363843,0.58230904,0.582254243,0.58219945,0.582144663,0.582089881,0.582035104,0.581980332,0.581925565,0.581870804,0.581816047,0.581761296,0.58170655,0.581651809,0.581597073,0.581542342,0.581487617,0.581432897,0.581378181,0.581323471,0.581268766,0.581214067,0.581159372,0.581104683,0.581049998,0.580995319,0.580940645,0.580885976,0.580831312,0.580776654,0.580722,0.580667352
South Central,South Central,Softwood,Sawlog,0.6136,1264,0.6634,0.6136,0.613278042,0.612956252,0.612634631,0.61231318,0.611991896,0.611670782,0.611349836,0.611029058,0.610708448,0.610388007,0.610067734,0.609747629,0.609427692,0.609107923,0.608788321,0.608468888,0.608149622,0.607830523,0.607511592,0.607192828,0.606874232,0.606555802,0.60623754,0.605919445,0.605601516,0.605283755,0.60496616,0.604648732,0.60433147,0.604014375,0.603697446,0.603380683,0.603064087,0.602747657,0.602431393,0.602115295,0.601799362,0.601483596,0.601167995,0.60085256,0.60053729,0.600222185,0.599907246,0.599592473,0.599277864,0.59896342,0.598649142,0.598335028,0.598021079,0.597707295,0.597393676,0.597080221,0.596766931,0.596453805,0.596140843,0.595828045,0.595515412,0.595202943,0.594890637,0.594578496,0.594266518,0.593954704,0.593643053,0.593331566,0.593020243,0.592709083,0.592398086,0.592087252,0.591776582,0.591466074,0.591155729,0.590845548,0.590535529,0.590225672,0.589915978,0.589606447,0.589297078,0.588987872,0.588678827,0.588369945,0.588061225,0.587752667,0.587444271,0.587136036,0.586827964,0.586520053,0.586212303,0.585904715,0.585597288,0.585290023,0.584982919,0.584675976,0.584369194,0.584062573,0.583756113,0.583449814,0.583143676,0.582837698,0.582531881,0.582226224,0.581920727,0.581615391,0.581310215,0.581005199,0.580700344,0.580395648,0.580091112,0.579786736,0.579482519,0.579178462,0.578874565,0.578570827,0.578267249,0.57796383,0.57766057,0.577357469,0.577054527,0.576751744,0.57644912,0.576146655,0.575844348,0.5755422,0.575240211,0.57493838,0.574636708,0.574335194,0.574033838,0.57373264,0.5734316,0.573130718,0.572829994,0.572529428,0.572229019,0.571928768,0.571628675,0.571328739,0.57102896,0.570729339,0.570429875,0.570130568,0.569831419,0.569532426,0.56923359,0.568934911,0.568636388,0.568338022,0.568039813,0.56774176,0.567443864,0.567146124,0.56684854,0.566551112,0.56625384,0.565956725,0.565659765,0.565362961,0.565066313,0.56476982,0.564473483,0.564177302,0.563881275,0.563585405,0.563289689,0.562994129,0.562698723,0.562403473,0.562108378,0.561813437,0.561518651,0.56122402,0.560929544,0.560635222,0.560341054,0.560047041,0.559753182,0.559459477,0.559165926,0.55887253,0.558579287,0.558286198,0.557993263,0.557700482,0.557407854,0.55711538,0.556823059,0.556530892,0.556238878,0.555947017,0.55565531,0.555363755,0.555072353,0.554781105,0.554490009,0.554199066,0.553908275,0.553617637,0.553327152,0.553036819,0.552746638,0.55245661
South Central,South Central,Softwood,Pulpwood,0.619,3455,0.5148,0.619,0.618907775,0.618815564,0.618723366,0.618631182,0.618539012,0.618446856,0.618354713,0.618262584,0.618170469,0.618078368,0.61798628,0.617894206,0.617802146,0.617710099,0.617618066,0.617526047,0.617434042,0.61734205,0.617250072,0.617158108,0.617066157,0.61697422,0.616882297,0.616790388,0.616698492,0.61660661,0.616514741,0.616422887,0.616331046,0.616239218,0.616147404,0.616055604,0.615963818,0.615872045,0.615780286,0.615688541,0.615596809,0.615505091,0.615413387,0.615321697,0.61523002,0.615138356,0.615046707,0.61495507,0.614863448,0.614771839,0.614680244,0.614588663,0.614497095,0.614405541,0.614314,0.614222474,0.61413096,0.614039461,0.613947975,0.613856503,0.613765044,0.613673599,0.613582167,0.61349075,0.613399345,0.613307955,0.613216578,0.613125214,0.613033865,0.612942529,0.612851206,0.612759897,0.612668602,0.61257732,0.612486052,0.612394798,0.612303557,0.612212329,0.612121116,0.612029915,0.611938729,0.611847556,0.611756397,0.611665251,0.611574118,0.611483,0.611391895,0.611300803,0.611209725,0.611118661,0.61102761,0.610936573,0.610845549,0.610754539,0.610663543,0.61057256,0.61048159,0.610390635,0.610299692,0.610208763,0.610117848,0.610026947,0.609936058,0.609845184,0.609754323,0.609663475,0.609572641,0.609481821,0.609391014,0.609300221,0.609209441,0.609118674,0.609027922,0.608937182,0.608846457,0.608755744,0.608665046,0.60857436,0.608483689,0.60839303,0.608302386,0.608211755,0.608121137,0.608030533,0.607939942,0.607849365,0.607758801,0.607668251,0.607577714,0.607487191,0.607396681,0.607306185,0.607215702,0.607125233,0.607034777,0.606944335,0.606853906,0.606763491,0.606673089,0.6065827,0.606492325,0.606401964,0.606311616,0.606221281,0.60613096,0.606040653,0.605950358,0.605860078,0.60576981,0.605679556,0.605589316,0.605499089,0.605408876,0.605318675,0.605228489,0.605138316,0.605048156,0.604958009,0.604867877,0.604777757,0.604687651,0.604597558,0.604507479,0.604417413,0.604327361,0.604237322,0.604147297,0.604057285,0.603967286,0.603877301,0.603787329,0.60369737,0.603607425,0.603517493,0.603427575,0.60333767,0.603247779,0.603157901,0.603068036,0.602978185,0.602888347,0.602798522,0.602708711,0.602618913,0.602529129,0.602439358,0.6023496,0.602259856,0.602170125,0.602080407,0.601990703,0.601901012,0.601811335,0.601721671,0.60163202,0.601542383,0.601452759,0.601363148,0.601273551,0.601183967,0.601094396,0.601004839,0.600915295,0.600825765
South Central,South Central,Hardwood,Sawlog,0.5744,4541,0.607,0.5744,0.574323225,0.574246459,0.574169704,0.57409296,0.574016225,0.573939501,0.573862787,0.573786083,0.57370939,0.573632707,0.573556034,0.573479371,0.573402719,0.573326076,0.573249445,0.573172823,0.573096211,0.57301961,0.572943019,0.572866438,0.572789868,0.572713308,0.572636758,0.572560218,0.572483688,0.572407169,0.57233066,0.572254161,0.572177672,0.572101194,0.572024725,0.571948267,0.57187182,0.571795382,0.571718955,0.571642538,0.571566131,0.571489734,0.571413348,0.571336971,0.571260605,0.571184249,0.571107904,0.571031568,0.570955243,0.570878928,0.570802623,0.570726328,0.570650044,0.57057377,0.570497506,0.570421252,0.570345008,0.570268774,0.570192551,0.570116338,0.570040135,0.569963942,0.56988776,0.569811587,0.569735425,0.569659273,0.569583131,0.569507,0.569430878,0.569354767,0.569278666,0.569202575,0.569126494,0.569050423,0.568974363,0.568898313,0.568822273,0.568746243,0.568670223,0.568594213,0.568518214,0.568442224,0.568366245,0.568290276,0.568214317,0.568138369,0.56806243,0.567986502,0.567910584,0.567834675,0.567758777,0.56768289,0.567607012,0.567531144,0.567455287,0.56737944,0.567303603,0.567227776,0.567151959,0.567076152,0.567000356,0.566924569,0.566848793,0.566773027,0.566697271,0.566621525,0.566545789,0.566470063,0.566394348,0.566318642,0.566242947,0.566167262,0.566091587,0.566015922,0.565940267,0.565864622,0.565788987,0.565713363,0.565637749,0.565562144,0.56548655,0.565410966,0.565335392,0.565259828,0.565184274,0.565108731,0.565033197,0.564957673,0.56488216,0.564806657,0.564731163,0.56465568,0.564580207,0.564504744,0.564429291,0.564353849,0.564278416,0.564202993,0.564127581,0.564052178,0.563976786,0.563901404,0.563826031,0.563750669,0.563675317,0.563599975,0.563524643,0.563449321,0.56337401,0.563298708,0.563223416,0.563148135,0.563072863,0.562997602,0.56292235,0.562847109,0.562771878,0.562696656,0.562621445,0.562546244,0.562471053,0.562395872,0.562320701,0.56224554,0.562170389,0.562095248,0.562020117,0.561944997,0.561869886,0.561794785,0.561719694,0.561644614,0.561569543,0.561494483,0.561419432,0.561344392,0.561269361,0.561194341,0.56111933,0.56104433,0.56096934,0.560894359,0.560819389,0.560744429,0.560669479,0.560594538,0.560519608,0.560444688,0.560369778,0.560294878,0.560219987,0.560145107,0.560070237,0.559995377,0.559920527,0.559845687,0.559770857,0.559696036,0.559621226,0.559546426,0.559471636,0.559396856,0.559322086,0.559247326
South Central,South Central,Hardwood,Pulpwood,0.5449,3239,0.5324,0.5449,0.544810441,0.544720897,0.544631368,0.544541853,0.544452353,0.544362868,0.544273398,0.544183942,0.544094501,0.544005074,0.543915663,0.543826265,0.543736883,0.543647516,0.543558163,0.543468824,0.543379501,0.543290192,0.543200898,0.543111618,0.543022353,0.542933103,0.542843868,0.542754647,0.542665441,0.542576249,0.542487072,0.54239791,0.542308762,0.54221963,0.542130511,0.542041408,0.541952319,0.541863244,0.541774185,0.54168514,0.541596109,0.541507094,0.541418092,0.541329106,0.541240134,0.541151177,0.541062234,0.540973306,0.540884393,0.540795494,0.54070661,0.54061774,0.540528885,0.540440045,0.540351219,0.540262408,0.540173611,0.540084829,0.539996062,0.539907309,0.539818571,0.539729847,0.539641138,0.539552444,0.539463764,0.539375099,0.539286448,0.539197812,0.53910919,0.539020583,0.538931991,0.538843413,0.53875485,0.538666301,0.538577767,0.538489247,0.538400742,0.538312251,0.538223775,0.538135314,0.538046867,0.537958434,0.537870016,0.537781613,0.537693224,0.53760485,0.53751649,0.537428145,0.537339814,0.537251498,0.537163196,0.537074909,0.536986636,0.536898378,0.536810135,0.536721905,0.536633691,0.536545491,0.536457305,0.536369134,0.536280977,0.536192835,0.536104707,0.536016594,0.535928495,0.535840411,0.535752341,0.535664286,0.535576245,0.535488219,0.535400207,0.53531221,0.535224227,0.535136258,0.535048304,0.534960364,0.534872439,0.534784529,0.534696632,0.534608751,0.534520883,0.53443303,0.534345192,0.534257368,0.534169558,0.534081763,0.533993982,0.533906216,0.533818464,0.533730727,0.533643004,0.533555295,0.533467601,0.533379921,0.533292256,0.533204605,0.533116968,0.533029346,0.532941738,0.532854145,0.532766566,0.532679002,0.532591451,0.532503916,0.532416394,0.532328887,0.532241395,0.532153916,0.532066452,0.531979003,0.531891568,0.531804147,0.531716741,0.531629349,0.531541971,0.531454608,0.531367259,0.531279924,0.531192604,0.531105298,0.531018007,0.53093073,0.530843467,0.530756218,0.530668984,0.530581764,0.530494559,0.530407368,0.530320191,0.530233028,0.53014588,0.530058746,0.529971627,0.529884522,0.529797431,0.529710354,0.529623292,0.529536244,0.52944921,0.529362191,0.529275186,0.529188195,0.529101219,0.529014257,0.528927309,0.528840375,0.528753456,0.528666551,0.528579661,0.528492784,0.528405922,0.528319074,0.528232241,0.528145421,0.528058616,0.527971825,0.527885049,0.527798287,0.527711539,0.527624805,0.527538086,0.52745138,0.527364689,0.527278013
Southeast,Southeast,Softwood,Sawlog,0.7149,1313,0.6051,0.7149,0.714570612,0.714241376,0.713912291,0.713583359,0.713254577,0.712925948,0.712597469,0.712269142,0.711940966,0.711612942,0.711285069,0.710957346,0.710629775,0.710302354,0.709975085,0.709647966,0.709320998,0.708994181,0.708667514,0.708340997,0.708014632,0.707688416,0.707362351,0.707036436,0.706710671,0.706385056,0.706059592,0.705734277,0.705409112,0.705084097,0.704759232,0.704434516,0.70410995,0.703785534,0.703461267,0.703137149,0.702813181,0.702489362,0.702165693,0.701842172,0.7015188,0.701195578,0.700872504,0.700549579,0.700226803,0.699904176,0.699581697,0.699259367,0.698937186,0.698615153,0.698293268,0.697971532,0.697649943,0.697328503,0.697007212,0.696686068,0.696365072,0.696044224,0.695723524,0.695402971,0.695082567,0.694762309,0.6944422,0.694122238,0.693802423,0.693482756,0.693163236,0.692843863,0.692524638,0.692205559,0.691886628,0.691567843,0.691249205,0.690930714,0.69061237,0.690294173,0.689976122,0.689658218,0.68934046,0.689022848,0.688705383,0.688388064,0.688070892,0.687753865,0.687436985,0.687120251,0.686803662,0.686487219,0.686170923,0.685854772,0.685538766,0.685222906,0.684907192,0.684591623,0.6842762,0.683960922,0.683645789,0.683330801,0.683015959,0.682701261,0.682386709,0.682072301,0.681758039,0.681443921,0.681129948,0.680816119,0.680502435,0.680188896,0.679875501,0.679562251,0.679249145,0.678936183,0.678623365,0.678310691,0.677998162,0.677685776,0.677373535,0.677061437,0.676749483,0.676437673,0.676126006,0.675814484,0.675503104,0.675191868,0.674880776,0.674569827,0.674259021,0.673948358,0.673637838,0.673327462,0.673017228,0.672707138,0.67239719,0.672087385,0.671777723,0.671468204,0.671158827,0.670849593,0.670540501,0.670231551,0.669922744,0.669614079,0.669305557,0.668997176,0.668688938,0.668380842,0.668072887,0.667765075,0.667457404,0.667149875,0.666842488,0.666535243,0.666228139,0.665921176,0.665614355,0.665307675,0.665001137,0.66469474,0.664388484,0.664082369,0.663776395,0.663470562,0.66316487,0.662859319,0.662553909,0.662248639,0.66194351,0.661638522,0.661333674,0.661028967,0.6607244,0.660419973,0.660115687,0.65981154,0.659507534,0.659203668,0.658899942,0.658596356,0.65829291,0.657989604,0.657686437,0.65738341,0.657080523,0.656777775,0.656475167,0.656172698,0.655870368,0.655568178,0.655266127,0.654964215,0.654662443,0.654360809,0.654059314,0.653757959,0.653456742,0.653155664,0.652854724,0.652553923,0.652253261,0.651952738
Southeast,Southeast,Softwood,Pulpwood,0.6179,3630,0.5054,0.6179,0.617813977,0.617727965,0.617641966,0.617555978,0.617470003,0.617384039,0.617298088,0.617212148,0.61712622,0.617040305,0.616954401,0.616868509,0.61678263,0.616696762,0.616610906,0.616525062,0.61643923,0.61635341,0.616267602,0.616181806,0.616096021,0.616010249,0.615924489,0.615838741,0.615753004,0.61566728,0.615581567,0.615495866,0.615410178,0.615324501,0.615238836,0.615153183,0.615067542,0.614981913,0.614896296,0.614810691,0.614725098,0.614639516,0.614553947,0.614468389,0.614382843,0.61429731,0.614211788,0.614126278,0.61404078,0.613955294,0.61386982,0.613784357,0.613698907,0.613613468,0.613528042,0.613442627,0.613357224,0.613271833,0.613186454,0.613101087,0.613015732,0.612930388,0.612845057,0.612759737,0.612674429,0.612589133,0.612503849,0.612418577,0.612333317,0.612248069,0.612162832,0.612077607,0.611992395,0.611907194,0.611822005,0.611736827,0.611651662,0.611566508,0.611481367,0.611396237,0.611311119,0.611226013,0.611140919,0.611055836,0.610970766,0.610885707,0.61080066,0.610715625,0.610630602,0.610545591,0.610460591,0.610375603,0.610290627,0.610205663,0.610120711,0.610035771,0.609950842,0.609865926,0.609781021,0.609696128,0.609611246,0.609526377,0.609441519,0.609356674,0.60927184,0.609187017,0.609102207,0.609017408,0.608932622,0.608847847,0.608763083,0.608678332,0.608593593,0.608508865,0.608424149,0.608339445,0.608254752,0.608170072,0.608085403,0.608000746,0.607916101,0.607831467,0.607746845,0.607662236,0.607577637,0.607493051,0.607408477,0.607323914,0.607239363,0.607154824,0.607070296,0.60698578,0.606901277,0.606816784,0.606732304,0.606647835,0.606563378,0.606478933,0.6063945,0.606310078,0.606225668,0.60614127,0.606056884,0.605972509,0.605888147,0.605803795,0.605719456,0.605635128,0.605550813,0.605466508,0.605382216,0.605297935,0.605213666,0.605129409,0.605045164,0.60496093,0.604876708,0.604792498,0.604708299,0.604624112,0.604539937,0.604455774,0.604371622,0.604287482,0.604203354,0.604119237,0.604035132,0.603951039,0.603866958,0.603782888,0.60369883,0.603614784,0.603530749,0.603446726,0.603362715,0.603278715,0.603194727,0.603110751,0.603026787,0.602942834,0.602858893,0.602774964,0.602691046,0.60260714,0.602523246,0.602439363,0.602355492,0.602271633,0.602187785,0.602103949,0.602020125,0.601936312,0.601852511,0.601768722,0.601684944,0.601601178,0.601517424,0.601433681,0.60134995,0.601266231,0.601182523,0.601098827,0.601015143,0.60093147
Southeast,Southeast,Hardwood,Sawlog,0.5749,4574,0.5954,0.5749,0.57482517,0.574750349,0.574675539,0.574600738,0.574525947,0.574451165,0.574376393,0.574301631,0.574226879,0.574152136,0.574077404,0.574002681,0.573927967,0.573853264,0.57377857,0.573703885,0.573629211,0.573554546,0.573479891,0.573405246,0.57333061,0.573255984,0.573181368,0.573106762,0.573032165,0.572957578,0.572883001,0.572808433,0.572733875,0.572659327,0.572584788,0.572510259,0.57243574,0.572361231,0.572286731,0.572212241,0.572137761,0.57206329,0.571988829,0.571914378,0.571839937,0.571765505,0.571691082,0.57161667,0.571542267,0.571467874,0.571393491,0.571319117,0.571244753,0.571170398,0.571096054,0.571021719,0.570947393,0.570873078,0.570798772,0.570724475,0.570650189,0.570575912,0.570501644,0.570427387,0.570353139,0.5702789,0.570204672,0.570130453,0.570056243,0.569982044,0.569907853,0.569833673,0.569759502,0.569685341,0.56961119,0.569537048,0.569462916,0.569388794,0.569314681,0.569240578,0.569166484,0.5690924,0.569018326,0.568944261,0.568870206,0.568796161,0.568722125,0.568648099,0.568574083,0.568500076,0.568426079,0.568352091,0.568278114,0.568204145,0.568130187,0.568056238,0.567982298,0.567908369,0.567834449,0.567760538,0.567686637,0.567612746,0.567538864,0.567464992,0.56739113,0.567317277,0.567243434,0.5671696,0.567095776,0.567021962,0.566948157,0.566874362,0.566800577,0.566726801,0.566653034,0.566579278,0.56650553,0.566431793,0.566358065,0.566284347,0.566210638,0.566136939,0.566063249,0.565989569,0.565915899,0.565842238,0.565768587,0.565694945,0.565621313,0.565547691,0.565474078,0.565400475,0.565326881,0.565253297,0.565179722,0.565106157,0.565032602,0.564959056,0.56488552,0.564811993,0.564738476,0.564664969,0.564591471,0.564517982,0.564444504,0.564371034,0.564297575,0.564224125,0.564150684,0.564077253,0.564003831,0.56393042,0.563857017,0.563783624,0.563710241,0.563636868,0.563563503,0.563490149,0.563416804,0.563343468,0.563270142,0.563196826,0.563123519,0.563050222,0.562976934,0.562903656,0.562830387,0.562757128,0.562683878,0.562610638,0.562537408,0.562464187,0.562390975,0.562317773,0.562244581,0.562171398,0.562098224,0.562025061,0.561951906,0.561878761,0.561805626,0.5617325,0.561659384,0.561586277,0.56151318,0.561440092,0.561367014,0.561293945,0.561220886,0.561147837,0.561074796,0.561001766,0.560928745,0.560855733,0.560782731,0.560709738,0.560636755,0.560563782,0.560490817,0.560417863,0.560344918,0.560271982,0.560199056,0.560126139
Southeast,Southeast,Hardwood,Pulpwood,0.549,3731,0.5025,0.549,0.548926064,0.548852139,0.548778223,0.548704317,0.548630421,0.548556535,0.548482659,0.548408793,0.548334937,0.548261091,0.548187255,0.548113429,0.548039613,0.547965806,0.54789201,0.547818224,0.547744447,0.547670681,0.547596924,0.547523177,0.54744944,0.547375714,0.547301997,0.54722829,0.547154593,0.547080906,0.547007228,0.546933561,0.546859904,0.546786256,0.546712619,0.546638991,0.546565374,0.546491766,0.546418168,0.54634458,0.546271002,0.546197434,0.546123876,0.546050327,0.545976789,0.54590326,0.545829742,0.545756233,0.545682734,0.545609245,0.545535766,0.545462297,0.545388838,0.545315389,0.545241949,0.54516852,0.5450951,0.54502169,0.54494829,0.5448749,0.54480152,0.54472815,0.54465479,0.544581439,0.544508099,0.544434768,0.544361447,0.544288136,0.544214835,0.544141544,0.544068262,0.543994991,0.543921729,0.543848478,0.543775236,0.543702004,0.543628782,0.543555569,0.543482367,0.543409174,0.543335991,0.543262819,0.543189656,0.543116502,0.543043359,0.542970226,0.542897102,0.542823988,0.542750884,0.54267779,0.542604706,0.542531632,0.542458567,0.542385513,0.542312468,0.542239433,0.542166407,0.542093392,0.542020387,0.541947391,0.541874405,0.541801429,0.541728463,0.541655506,0.54158256,0.541509623,0.541436696,0.541363779,0.541290872,0.541217975,0.541145087,0.541072209,0.540999341,0.540926483,0.540853635,0.540780796,0.540707967,0.540635148,0.540562339,0.54048954,0.54041675,0.540343971,0.540271201,0.540198441,0.54012569,0.54005295,0.539980219,0.539907498,0.539834787,0.539762086,0.539689394,0.539616712,0.53954404,0.539471378,0.539398726,0.539326083,0.53925345,0.539180827,0.539108214,0.53903561,0.538963017,0.538890433,0.538817859,0.538745294,0.53867274,0.538600195,0.53852766,0.538455134,0.538382619,0.538310113,0.538237617,0.538165131,0.538092654,0.538020188,0.537947731,0.537875283,0.537802846,0.537730418,0.537658,0.537585592,0.537513194,0.537440805,0.537368426,0.537296057,0.537223697,0.537151348,0.537079008,0.537006678,0.536934357,0.536862046,0.536789745,0.536717454,0.536645173,0.536572901,0.536500639,0.536428386,0.536356144,0.536283911,0.536211688,0.536139474,0.536067271,0.535995077,0.535922893,0.535850718,0.535778553,0.535706398,0.535634253,0.535562117,0.535489991,0.535417875,0.535345769,0.535273672,0.535201585,0.535129507,0.53505744,0.534985382,0.534913333,0.534841295,0.534769266,0.534697247,0.534625237,0.534553238,0.534481248,0.534409267

Min,0.4823,0.481798563,0.481297648,0.480797254,0.480297379,0.479798025,0.479299189,0.478800873,0.478303074,0.477805793,0.477309029,0.476812781,0.476317049,0.475821833,0.475327132,0.474832945,0.474339271,0.473846111,0.473353464,0.472861329,0.472369705,0.471878593,0.471387991,0.4708979,0.470408317,0.469919244,0.46943068,0.468942623,0.468455074,0.467968031,0.467481495,0.466995465,0.46650994,0.46602492,0.465540404,0.465056392,0.464572884,0.464089877,0.463607373,0.463125371,0.46264387,0.462162869,0.461682369,0.461202368,0.460722866,0.460243863,0.459765357,0.459287349,0.458809838,0.458332824,0.457856306,0.457380282,0.456904754,0.456429721,0.455955181,0.455481134,0.45500758,0.454534519,0.45406195,0.453589872,0.453118284,0.452647187,0.45217658,0.451706462,0.451236833,0.450767692,0.450299039,0.449830873,0.449363193,0.448896,0.448429293,0.447963071,0.447497334,0.447032081,0.446567311,0.446103025,0.445639222,0.445175901,0.444713061,0.444250703,0.443788825,0.443327428,0.44286651,0.442406071,0.441946112,0.44148663,0.441027626,0.440569099,0.44011105,0.439653476,0.439196378,0.438739755,0.438283607,0.437827933,0.437372733,0.436918007,0.436463753,0.436009971,0.435556661,0.435103822,0.434651454,0.434199557,0.433748129,0.433297171,0.432846682,0.43239666,0.431947107,0.431498021,0.431049402,0.43060125,0.430153563,0.429706342,0.429259586,0.428813294,0.428367467,0.427922102,0.427477201,0.427032763,0.426588786,0.426145271,0.425702217,0.425259624,0.424817491,0.424375818,0.423934604,0.423493848,0.423053551,0.422613712,0.42217433,0.421735404,0.421296935,0.420858922,0.420421364,0.419984262,0.419547613,0.419111419,0.418675678,0.41824039,0.417805555,0.417371172,0.41693724,0.41650376,0.41607073,0.415638151,0.415206021,0.41477434,0.414343109,0.413912325,0.41348199,0.413052102,0.41262266,0.412193666,0.411765117,0.411337014,0.410909356,0.410482143,0.410055374,0.409629048,0.409203166,0.408777726,0.408352729,0.407928174,0.40750406,0.407080387,0.406657155,0.406234362,0.405812009,0.405390095,0.40496862,0.404547583,0.404126984,0.403706822,0.403287097,0.402867809,0.402448956,0.402030539,0.401612556,0.401195009,0.400777895,0.400361215,0.399944969,0.399529155,0.399113773,0.398698823,0.398284305,0.397870217,0.397456561,0.397043334,0.396630537,0.396218169,0.395806229,0.395394718,0.394983635,0.39457298,0.394162751,0.393752948,0.393343572,0.392934622,0.392526096,0.392117995,0.391710319
Mean,0.602534286,0.602374088,0.602213965,0.602053915,0.601893939,0.601734038,0.60157421,0.601414455,0.601254775,0.601095168,0.600935634,0.600776174,0.600616788,0.600457475,0.600298236,0.60013907,0.599979977,0.599820957,0.599662011,0.599503138,0.599344338,0.599185611,0.599026957,0.598868376,0.598709867,0.598551432,0.59839307,0.59823478,0.598076563,0.597918419,0.597760348,0.597602349,0.597444422,0.597286568,0.597128787,0.596971078,0.596813441,0.596655877,0.596498385,0.596340965,0.596183617,0.596026341,0.595869138,0.595712006,0.595554947,0.595397959,0.595241043,0.595084199,0.594927427,0.594770727,0.594614098,0.594457541,0.594301056,0.594144642,0.5939883,0.593832029,0.593675829,0.593519701,0.593363644,0.593207659,0.593051745,0.592895902,0.59274013,0.592584429,0.592428799,0.59227324,0.592117752,0.591962336,0.591806989,0.591651714,0.59149651,0.591341376,0.591186313,0.59103132,0.590876399,0.590721547,0.590566766,0.590412056,0.590257416,0.590102846,0.589948347,0.589793918,0.589639559,0.589485271,0.589331052,0.589176904,0.589022825,0.588868817,0.588714878,0.58856101,0.588407211,0.588253482,0.588099823,0.587946234,0.587792714,0.587639264,0.587485883,0.587332572,0.587179331,0.587026159,0.586873056,0.586720023,0.586567059,0.586414164,0.586261339,0.586108583,0.585955895,0.585803277,0.585650728,0.585498248,0.585345837,0.585193495,0.585041222,0.584889018,0.584736882,0.584584815,0.584432817,0.584280887,0.584129026,0.583977234,0.58382551,0.583673854,0.583522267,0.583370749,0.583219298,0.583067916,0.582916602,0.582765357,0.582614179,0.58246307,0.582312029,0.582161056,0.58201015,0.581859313,0.581708544,0.581557842,0.581407208,0.581256643,0.581106144,0.580955714,0.580805351,0.580655055,0.580504828,0.580354667,0.580204574,0.580054549,0.579904591,0.5797547,0.579604877,0.579455121,0.579305432,0.57915581,0.579006255,0.578856767,0.578707347,0.578557993,0.578408706,0.578259486,0.578110333,0.577961247,0.577812228,0.577663275,0.577514389,0.57736557,0.577216817,0.577068131,0.576919511,0.576770958,0.576622471,0.576474051,0.576325697,0.576177409,0.576029187,0.575881032,0.575732943,0.57558492,0.575436963,0.575289072,0.575141247,0.574993488,0.574845795,0.574698168,0.574550606,0.574403111,0.574255681,0.574108317,0.573961019,0.573813786,0.573666618,0.573519517,0.573372481,0.57322551,0.573078604,0.572931764,0.57278499,0.57263828,0.572491636,0.572345057,0.572198543,0.572052095,0.571905711
Max,0.7149,0.714570612,0.714241376,0.713912291,0.713583359,0.713254577,0.712925948,0.712597469,0.712269142,0.711940966,0.711612942,0.711285069,0.710957346,0.710629775,0.710302354,0.709975085,0.709647966,0.709320998,0.708994181,0.708667514,0.708340997,0.708014632,0.707688416,0.707362351,0.707036436,0.706710671,0.706385056,0.706059592,0.705734277,0.705409112,0.705084097,0.704759232,0.704434516,0.70410995,0.703785534,0.703461267,0.703137149,0.702813181,0.702489362,0.702165693,0.701842172,0.7015188,0.701195578,0.700872504,0.700549579,0.700226803,0.699904176,0.699581697,0.699259367,0.698937186,0.698615153,0.698293268,0.697971532,0.697649943,0.697328503,0.697007212,0.696686068,0.696365072,0.696044224,0.695723524,0.695402971,0.695082567,0.694762309,0.6944422,0.694237916,0.694086462,0.693935042,0.693783654,0.6936323,0.693480978,0.69332969,0.693178434,0.693027212,0.692876022,0.692724866,0.692573743,0.692422652,0.692271594,0.69212057,0.691969578,0.691818619,0.691667694,0.691516801,0.691365941,0.691215114,0.69106432,0.690913559,0.69076283,0.690612135,0.690461472,0.690310842,0.690160246,0.690009682,0.689859151,0.689708652,0.689558187,0.689407754,0.689257354,0.689106987,0.688956653,0.688806352,0.688656083,0.688505847,0.688355644,0.688205474,0.688055336,0.687905231,0.687755159,0.68760512,0.687455114,0.68730514,0.687155199,0.68700529,0.686855414,0.686705571,0.686555761,0.686405983,0.686256238,0.686106526,0.685956847,0.6858072,0.685657585,0.685508003,0.685358454,0.685208938,0.685059454,0.684910003,0.684760584,0.684611198,0.684461845,0.684312524,0.684163236,0.68401398,0.683864757,0.683715566,0.683566408,0.683417283,0.68326819,0.683119129,0.682970102,0.682821106,0.682672143,0.682523213,0.682374315,0.68222545,0.682076617,0.681927816,0.681779048,0.681630312,0.681481609,0.681332939,0.6811843,0.681035695,0.680887121,0.68073858,0.680590072,0.680441595,0.680293152,0.68014474,0.679996361,0.679848015,0.6796997,0.679551418,0.679403169,0.679254952,0.679106767,0.678958614,0.678810494,0.678662406,0.67851435,0.678366327,0.678218336,0.678070377,0.677922451,0.677774556,0.677626694,0.677478865,0.677331067,0.677183302,0.677035569,0.676887868,0.6767402,0.676592563,0.676444959,0.676297387,0.676149848,0.67600234,0.675854865,0.675707422,0.675560011,0.675412632,0.675265285,0.675117971,0.674970688,0.674823438,0.67467622,0.674529034,0.67438188,0.674234758,0.674087668,0.673940611
