,TimberProductID,EndUseID,PrimaryProductID,DiscardTypeID,DiscardDestinationID,Year,discard_remaining
250880,3.0,128.0,18.0,0,0,2018,0.0
250881,3.0,128.0,18.0,0,1,2018,0.0
250882,3.0,128.0,18.0,0,2,2018,0.0
250883,3.0,128.0,18.0,0,3,2018,0.0
250884,3.0,128.0,18.0,0,4,2018,0.0
250885,3.0,128.0,18.0,1,0,2018,0.0
250886,3.0,128.0,18.0,1,1,2018,0.0
250887,3.0,128.0,18.0,1,2,2018,0.0
250888,3.0,128.0,18.0,1,3,2018,0.0
250889,3.0,128.0,18.0,1,4,2018,0.0
250890,3.0,127.0,18.0,0,0,2018,0.0
250891,3.0,127.0,18.0,0,1,2018,0.0
250892,3.0,127.0,18.0,0,2,2018,0.0
250893,3.0,127.0,18.0,0,3,2018,0.0
250894,3.0,127.0,18.0,0,4,2018,0.0
250895,3.0,127.0,18.0,1,0,2018,0.0
250896,3.0,127.0,18.0,1,1,2018,0.0
250897,3.0,127.0,18.0,1,2,2018,0.0
250898,3.0,127.0,18.0,1,3,2018,0.0
250899,3.0,127.0,18.0,1,4,2018,0.0
250900,3.0,126.0,18.0,0,0,2018,0.0
250901,3.0,126.0,18.0,0,1,2018,0.0
250902,3.0,126.0,18.0,0,2,2018,0.0
250903,3.0,126.0,18.0,0,3,2018,0.0
250904,3.0,126.0,18.0,0,4,2018,0.0
250905,3.0,126.0,18.0,1,0,2018,0.0
250906,3.0,126.0,18.0,1,1,2018,0.0
250907,3.0,126.0,18.0,1,2,2018,0.0
250908,3.0,126.0,18.0,1,3,2018,0.0
250909,3.0,126.0,18.0,1,4,2018,0.0
250910,3.0,125.0,18.0,0,0,2018,0.0
250911,3.0,125.0,18.0,0,1,2018,0.0
250912,3.0,125.0,18.0,0,2,2018,0.0
250913,3.0,125.0,18.0,0,3,2018,0.0
250914,3.0,125.0,18.0,0,4,2018,0.0
250915,3.0,125.0,18.0,1,0,2018,0.0
250916,3.0,125.0,18.0,1,1,2018,0.0
250917,3.0,125.0,18.0,1,2,2018,0.0
250918,3.0,125.0,18.0,1,3,2018,0.0
250919,3.0,125.0,18.0,1,4,2018,0.0
250920,3.0,119.0,18.0,0,0,2018,0.0
250921,3.0,119.0,18.0,0,1,2018,0.0
250922,3.0,119.0,18.0,0,2,2018,0.0
250923,3.0,119.0,18.0,0,3,2018,0.0
250924,3.0,119.0,18.0,0,4,2018,0.0
250925,3.0,119.0,18.0,1,0,2018,0.0
250926,3.0,119.0,18.0,1,1,2018,0.0
250927,3.0,119.0,18.0,1,2,2018,0.0
250928,3.0,119.0,18.0,1,3,2018,0.0
250929,3.0,119.0,18.0,1,4,2018,0.0
250930,3.0,123.0,18.0,0,0,2018,0.0
250931,3.0,123.0,18.0,0,1,2018,0.0
250932,3.0,123.0,18.0,0,2,2018,0.0
250933,3.0,123.0,18.0,0,3,2018,0.0
250934,3.0,123.0,18.0,0,4,2018,0.0
250935,3.0,123.0,18.0,1,0,2018,0.0
250936,3.0,123.0,18.0,1,1,2018,0.0
250937,3.0,123.0,18.0,1,2,2018,0.0
250938,3.0,123.0,18.0,1,3,2018,0.0
250939,3.0,123.0,18.0,1,4,2018,0.0
250940,3.0,122.0,18.0,0,0,2018,0.0
250941,3.0,122.0,18.0,0,1,2018,0.0
250942,3.0,122.0,18.0,0,2,2018,0.0
250943,3.0,122.0,18.0,0,3,2018,0.0
250944,3.0,122.0,18.0,0,4,2018,0.0
250945,3.0,122.0,18.0,1,0,2018,0.0
250946,3.0,122.0,18.0,1,1,2018,0.0
250947,3.0,122.0,18.0,1,2,2018,0.0
250948,3.0,122.0,18.0,1,3,2018,0.0
250949,3.0,122.0,18.0,1,4,2018,0.0
250950,3.0,121.0,18.0,0,0,2018,0.0
250951,3.0,121.0,18.0,0,1,2018,0.0
250952,3.0,121.0,18.0,0,2,2018,0.0
250953,3.0,121.0,18.0,0,3,2018,0.0
250954,3.0,121.0,18.0,0,4,2018,0.0
250955,3.0,121.0,18.0,1,0,2018,0.0
250956,3.0,121.0,18.0,1,1,2018,0.0
250957,3.0,121.0,18.0,1,2,2018,0.0
250958,3.0,121.0,18.0,1,3,2018,0.0
250959,3.0,121.0,18.0,1,4,2018,0.0
250960,3.0,120.0,18.0,0,0,2018,0.0
250961,3.0,120.0,18.0,0,1,2018,0.0
250962,3.0,120.0,18.0,0,2,2018,0.0
250963,3.0,120.0,18.0,0,3,2018,0.0
250964,3.0,120.0,18.0,0,4,2018,0.0
250965,3.0,120.0,18.0,1,0,2018,0.0
250966,3.0,120.0,18.0,1,1,2018,0.0
250967,3.0,120.0,18.0,1,2,2018,0.0
250968,3.0,120.0,18.0,1,3,2018,0.0
250969,3.0,120.0,18.0,1,4,2018,0.0
250970,3.0,129.0,19.0,0,0,2018,0.0
250971,3.0,129.0,19.0,0,1,2018,0.0
250972,3.0,129.0,19.0,0,2,2018,0.0
250973,3.0,129.0,19.0,0,3,2018,0.0
250974,3.0,129.0,19.0,0,4,2018,0.0
250975,3.0,129.0,19.0,1,0,2018,0.0
250976,3.0,129.0,19.0,1,1,2018,0.0
250977,3.0,129.0,19.0,1,2,2018,0.0
250978,3.0,129.0,19.0,1,3,2018,0.0
250979,3.0,129.0,19.0,1,4,2018,0.0
250980,3.0,124.0,18.0,0,0,2018,0.0
250981,3.0,124.0,18.0,0,1,2018,0.0
250982,3.0,124.0,18.0,0,2,2018,0.0
250983,3.0,124.0,18.0,0,3,2018,0.0
250984,3.0,124.0,18.0,0,4,2018,0.0
250985,3.0,124.0,18.0,1,0,2018,0.0
250986,3.0,124.0,18.0,1,1,2018,0.0
250987,3.0,124.0,18.0,1,2,2018,0.0
250988,3.0,124.0,18.0,1,3,2018,0.0
250989,3.0,124.0,18.0,1,4,2018,0.0
250990,3.0,130.0,20.0,0,0,2018,0.0
250991,3.0,130.0,20.0,0,1,2018,0.0
250992,3.0,130.0,20.0,0,2,2018,0.0
250993,3.0,130.0,20.0,0,3,2018,0.0
250994,3.0,130.0,20.0,0,4,2018,0.0
250995,3.0,130.0,20.0,1,0,2018,0.0
250996,3.0,130.0,20.0,1,1,2018,0.0
250997,3.0,130.0,20.0,1,2,2018,0.0
250998,3.0,130.0,20.0,1,3,2018,0.0
250999,3.0,130.0,20.0,1,4,2018,0.0
251000,3.0,137.0,20.0,0,0,2018,0.0
251001,3.0,137.0,20.0,0,1,2018,0.0
251002,3.0,137.0,20.0,0,2,2018,0.0
251003,3.0,137.0,20.0,0,3,2018,0.0
251004,3.0,137.0,20.0,0,4,2018,0.0
251005,3.0,137.0,20.0,1,0,2018,0.0
251006,3.0,137.0,20.0,1,1,2018,0.0
251007,3.0,137.0,20.0,1,2,2018,0.0
251008,3.0,137.0,20.0,1,3,2018,0.0
251009,3.0,137.0,20.0,1,4,2018,0.0
251010,3.0,132.0,20.0,0,0,2018,0.0
251011,3.0,132.0,20.0,0,1,2018,0.0
251012,3.0,132.0,20.0,0,2,2018,0.0
251013,3.0,132.0,20.0,0,3,2018,0.0
251014,3.0,132.0,20.0,0,4,2018,0.0
251015,3.0,132.0,20.0,1,0,2018,0.0
251016,3.0,132.0,20.0,1,1,2018,0.0
251017,3.0,132.0,20.0,1,2,2018,0.0
251018,3.0,132.0,20.0,1,3,2018,0.0
251019,3.0,132.0,20.0,1,4,2018,0.0
251020,3.0,133.0,20.0,0,0,2018,0.0
251021,3.0,133.0,20.0,0,1,2018,0.0
251022,3.0,133.0,20.0,0,2,2018,0.0
251023,3.0,133.0,20.0,0,3,2018,0.0
251024,3.0,133.0,20.0,0,4,2018,0.0
251025,3.0,133.0,20.0,1,0,2018,0.0
251026,3.0,133.0,20.0,1,1,2018,0.0
251027,3.0,133.0,20.0,1,2,2018,0.0
251028,3.0,133.0,20.0,1,3,2018,0.0
251029,3.0,133.0,20.0,1,4,2018,0.0
251030,3.0,134.0,20.0,0,0,2018,0.0
251031,3.0,134.0,20.0,0,1,2018,0.0
251032,3.0,134.0,20.0,0,2,2018,0.0
251033,3.0,134.0,20.0,0,3,2018,0.0
251034,3.0,134.0,20.0,0,4,2018,0.0
251035,3.0,134.0,20.0,1,0,2018,0.0
251036,3.0,134.0,20.0,1,1,2018,0.0
251037,3.0,134.0,20.0,1,2,2018,0.0
251038,3.0,134.0,20.0,1,3,2018,0.0
251039,3.0,134.0,20.0,1,4,2018,0.0
251040,3.0,135.0,20.0,0,0,2018,0.0
251041,3.0,135.0,20.0,0,1,2018,0.0
251042,3.0,135.0,20.0,0,2,2018,0.0
251043,3.0,135.0,20.0,0,3,2018,0.0
251044,3.0,135.0,20.0,0,4,2018,0.0
251045,3.0,135.0,20.0,1,0,2018,0.0
251046,3.0,135.0,20.0,1,1,2018,0.0
251047,3.0,135.0,20.0,1,2,2018,0.0
251048,3.0,135.0,20.0,1,3,2018,0.0
251049,3.0,135.0,20.0,1,4,2018,0.0
251050,3.0,136.0,20.0,0,0,2018,0.0
251051,3.0,136.0,20.0,0,1,2018,0.0
251052,3.0,136.0,20.0,0,2,2018,0.0
251053,3.0,136.0,20.0,0,3,2018,0.0
251054,3.0,136.0,20.0,0,4,2018,0.0
251055,3.0,136.0,20.0,1,0,2018,0.0
251056,3.0,136.0,20.0,1,1,2018,0.0
251057,3.0,136.0,20.0,1,2,2018,0.0
251058,3.0,136.0,20.0,1,3,2018,0.0
251059,3.0,136.0,20.0,1,4,2018,0.0
251060,3.0,138.0,20.0,0,0,2018,0.0
251061,3.0,138.0,20.0,0,1,2018,0.0
251062,3.0,138.0,20.0,0,2,2018,0.0
251063,3.0,138.0,20.0,0,3,2018,0.0
251064,3.0,138.0,20.0,0,4,2018,0.0
251065,3.0,138.0,20.0,1,0,2018,0.0
251066,3.0,138.0,20.0,1,1,2018,0.0
251067,3.0,138.0,20.0,1,2,2018,0.0
251068,3.0,138.0,20.0,1,3,2018,0.0
251069,3.0,138.0,20.0,1,4,2018,0.0
251070,3.0,139.0,20.0,0,0,2018,0.0
251071,3.0,139.0,20.0,0,1,2018,0.0
251072,3.0,139.0,20.0,0,2,2018,0.0
251073,3.0,139.0,20.0,0,3,2018,0.0
251074,3.0,139.0,20.0,0,4,2018,0.0
251075,3.0,139.0,20.0,1,0,2018,0.0
251076,3.0,139.0,20.0,1,1,2018,0.0
251077,3.0,139.0,20.0,1,2,2018,0.0
251078,3.0,139.0,20.0,1,3,2018,0.0
251079,3.0,139.0,20.0,1,4,2018,0.0
251080,3.0,140.0,20.0,0,0,2018,0.0
251081,3.0,140.0,20.0,0,1,2018,0.0
251082,3.0,140.0,20.0,0,2,2018,0.0
251083,3.0,140.0,20.0,0,3,2018,0.0
251084,3.0,140.0,20.0,0,4,2018,0.0
251085,3.0,140.0,20.0,1,0,2018,0.0
251086,3.0,140.0,20.0,1,1,2018,0.0
251087,3.0,140.0,20.0,1,2,2018,0.0
251088,3.0,140.0,20.0,1,3,2018,0.0
251089,3.0,140.0,20.0,1,4,2018,0.0
251090,3.0,141.0,21.0,0,0,2018,0.0
251091,3.0,141.0,21.0,0,1,2018,0.0
251092,3.0,141.0,21.0,0,2,2018,0.0
251093,3.0,141.0,21.0,0,3,2018,0.0
251094,3.0,141.0,21.0,0,4,2018,0.0
251095,3.0,141.0,21.0,1,0,2018,0.0
251096,3.0,141.0,21.0,1,1,2018,0.0
251097,3.0,141.0,21.0,1,2,2018,0.0
251098,3.0,141.0,21.0,1,3,2018,0.0
251099,3.0,141.0,21.0,1,4,2018,0.0
251100,4.0,142.0,22.0,0,0,2018,0.0
251101,4.0,142.0,22.0,0,1,2018,0.0
251102,4.0,142.0,22.0,0,2,2018,0.0
251103,4.0,142.0,22.0,0,3,2018,0.0
251104,4.0,142.0,22.0,0,4,2018,0.0
251105,4.0,142.0,22.0,1,0,2018,0.0
251106,4.0,142.0,22.0,1,1,2018,0.0
251107,4.0,142.0,22.0,1,2,2018,0.0
251108,4.0,142.0,22.0,1,3,2018,0.0
251109,4.0,142.0,22.0,1,4,2018,0.0
251110,4.0,143.0,23.0,0,0,2018,0.0
251111,4.0,143.0,23.0,0,1,2018,0.0
251112,4.0,143.0,23.0,0,2,2018,0.0
251113,4.0,143.0,23.0,0,3,2018,0.0
251114,4.0,143.0,23.0,0,4,2018,0.0
251115,4.0,143.0,23.0,1,0,2018,0.0
251116,4.0,143.0,23.0,1,1,2018,0.0
251117,4.0,143.0,23.0,1,2,2018,0.0
251118,4.0,143.0,23.0,1,3,2018,0.0
251119,4.0,143.0,23.0,1,4,2018,0.0
251120,3.0,131.0,20.0,0,0,2018,0.0
251121,3.0,131.0,20.0,0,1,2018,0.0
251122,3.0,131.0,20.0,0,2,2018,0.0
251123,3.0,131.0,20.0,0,3,2018,0.0
251124,3.0,131.0,20.0,0,4,2018,0.0
251125,3.0,131.0,20.0,1,0,2018,0.0
251126,3.0,131.0,20.0,1,1,2018,0.0
251127,3.0,131.0,20.0,1,2,2018,0.0
251128,3.0,131.0,20.0,1,3,2018,0.0
251129,3.0,131.0,20.0,1,4,2018,0.0
251130,3.0,118.0,18.0,0,0,2018,0.0
251131,3.0,118.0,18.0,0,1,2018,0.0
251132,3.0,118.0,18.0,0,2,2018,0.0
251133,3.0,118.0,18.0,0,3,2018,0.0
251134,3.0,118.0,18.0,0,4,2018,0.0
251135,3.0,118.0,18.0,1,0,2018,0.0
251136,3.0,118.0,18.0,1,1,2018,0.0
251137,3.0,118.0,18.0,1,2,2018,0.0
251138,3.0,118.0,18.0,1,3,2018,0.0
251139,3.0,118.0,18.0,1,4,2018,0.0
251140,2.0,91.0,13.0,0,0,2018,307.93371959334047
251141,2.0,91.0,13.0,0,1,2018,347.7568961520772
251142,2.0,91.0,13.0,0,2,2018,307.93371959334047
251143,2.0,91.0,13.0,0,3,2018,246.47092182383426
251144,2.0,91.0,13.0,0,4,2018,428.6262639466765
251145,2.0,91.0,13.0,1,0,2018,307.93371959334047
251146,2.0,91.0,13.0,1,1,2018,347.7568961520772
251147,2.0,91.0,13.0,1,2,2018,307.93371959334047
251148,2.0,91.0,13.0,1,3,2018,89.42373654848411
251149,2.0,91.0,13.0,1,4,2018,432.1467151844889
251150,3.0,116.0,17.0,0,0,2018,0.0
251151,3.0,116.0,17.0,0,1,2018,0.0
251152,3.0,116.0,17.0,0,2,2018,0.0
251153,3.0,116.0,17.0,0,3,2018,0.0
251154,3.0,116.0,17.0,0,4,2018,0.0
251155,3.0,116.0,17.0,1,0,2018,0.0
251156,3.0,116.0,17.0,1,1,2018,0.0
251157,3.0,116.0,17.0,1,2,2018,0.0
251158,3.0,116.0,17.0,1,3,2018,0.0
251159,3.0,116.0,17.0,1,4,2018,0.0
251160,2.0,92.0,13.0,0,0,2018,435.98312858867786
251161,2.0,92.0,13.0,0,1,2018,424.80522703437543
251162,2.0,92.0,13.0,0,2,2018,435.98312858867786
251163,2.0,92.0,13.0,0,3,2018,224.44504096338412
251164,2.0,92.0,13.0,0,4,2018,408.9869881491739
251165,2.0,92.0,13.0,1,0,2018,435.98312858867786
251166,2.0,92.0,13.0,1,1,2018,424.80522703437543
251167,2.0,92.0,13.0,1,2,2018,435.98312858867786
251168,2.0,92.0,13.0,1,3,2018,83.18265069779036
251169,2.0,92.0,13.0,1,4,2018,391.08657171109553
251170,2.0,93.0,13.0,0,0,2018,1106.960321767602
251171,2.0,93.0,13.0,0,1,2018,1202.0323045239666
251172,2.0,93.0,13.0,0,2,2018,1106.960321767602
251173,2.0,93.0,13.0,0,3,2018,810.728986248754
251174,2.0,93.0,13.0,0,4,2018,1403.2926759365218
251175,2.0,93.0,13.0,1,0,2018,1106.960321767602
251176,2.0,93.0,13.0,1,1,2018,1202.0323045239666
251177,2.0,93.0,13.0,1,2,2018,1106.960321767602
251178,2.0,93.0,13.0,1,3,2018,304.40329472825147
251179,2.0,93.0,13.0,1,4,2018,1435.2647964805956
251180,2.0,94.0,14.0,0,0,2018,28501.55080082949
251181,2.0,94.0,14.0,0,1,2018,28555.593363103166
251182,2.0,94.0,14.0,0,2,2018,28501.55080082949
251183,2.0,94.0,14.0,0,3,2018,16481.65606717661
251184,2.0,94.0,14.0,0,4,2018,29564.421978416736
251185,2.0,94.0,14.0,1,0,2018,28501.55080082949
251186,2.0,94.0,14.0,1,1,2018,28555.593363103166
251187,2.0,94.0,14.0,1,2,2018,28501.55080082949
251188,2.0,94.0,14.0,1,3,2018,6021.789720575598
251189,2.0,94.0,14.0,1,4,2018,28739.300706764127
251190,3.0,95.0,15.0,0,0,2018,0.0
251191,3.0,95.0,15.0,0,1,2018,0.0
251192,3.0,95.0,15.0,0,2,2018,0.0
251193,3.0,95.0,15.0,0,3,2018,0.0
251194,3.0,95.0,15.0,0,4,2018,0.0
251195,3.0,95.0,15.0,1,0,2018,0.0
251196,3.0,95.0,15.0,1,1,2018,0.0
251197,3.0,95.0,15.0,1,2,2018,0.0
251198,3.0,95.0,15.0,1,3,2018,0.0
251199,3.0,95.0,15.0,1,4,2018,0.0
251200,3.0,96.0,16.0,0,0,2018,0.0
251201,3.0,96.0,16.0,0,1,2018,0.0
251202,3.0,96.0,16.0,0,2,2018,0.0
251203,3.0,96.0,16.0,0,3,2018,0.0
251204,3.0,96.0,16.0,0,4,2018,0.0
251205,3.0,96.0,16.0,1,0,2018,0.0
251206,3.0,96.0,16.0,1,1,2018,0.0
251207,3.0,96.0,16.0,1,2,2018,0.0
251208,3.0,96.0,16.0,1,3,2018,0.0
251209,3.0,96.0,16.0,1,4,2018,0.0
251210,3.0,97.0,16.0,0,0,2018,0.0
251211,3.0,97.0,16.0,0,1,2018,0.0
251212,3.0,97.0,16.0,0,2,2018,0.0
251213,3.0,97.0,16.0,0,3,2018,0.0
251214,3.0,97.0,16.0,0,4,2018,0.0
251215,3.0,97.0,16.0,1,0,2018,0.0
251216,3.0,97.0,16.0,1,1,2018,0.0
251217,3.0,97.0,16.0,1,2,2018,0.0
251218,3.0,97.0,16.0,1,3,2018,0.0
251219,3.0,97.0,16.0,1,4,2018,0.0
251220,3.0,98.0,16.0,0,0,2018,0.0
251221,3.0,98.0,16.0,0,1,2018,0.0
251222,3.0,98.0,16.0,0,2,2018,0.0
251223,3.0,98.0,16.0,0,3,2018,0.0
251224,3.0,98.0,16.0,0,4,2018,0.0
251225,3.0,98.0,16.0,1,0,2018,0.0
251226,3.0,98.0,16.0,1,1,2018,0.0
251227,3.0,98.0,16.0,1,2,2018,0.0
251228,3.0,98.0,16.0,1,3,2018,0.0
251229,3.0,98.0,16.0,1,4,2018,0.0
251230,3.0,99.0,16.0,0,0,2018,0.0
251231,3.0,99.0,16.0,0,1,2018,0.0
251232,3.0,99.0,16.0,0,2,2018,0.0
251233,3.0,99.0,16.0,0,3,2018,0.0
251234,3.0,99.0,16.0,0,4,2018,0.0
251235,3.0,99.0,16.0,1,0,2018,0.0
251236,3.0,99.0,16.0,1,1,2018,0.0
251237,3.0,99.0,16.0,1,2,2018,0.0
251238,3.0,99.0,16.0,1,3,2018,0.0
251239,3.0,99.0,16.0,1,4,2018,0.0
251240,3.0,100.0,16.0,0,0,2018,0.0
251241,3.0,100.0,16.0,0,1,2018,0.0
251242,3.0,100.0,16.0,0,2,2018,0.0
251243,3.0,100.0,16.0,0,3,2018,0.0
251244,3.0,100.0,16.0,0,4,2018,0.0
251245,3.0,100.0,16.0,1,0,2018,0.0
251246,3.0,100.0,16.0,1,1,2018,0.0
251247,3.0,100.0,16.0,1,2,2018,0.0
251248,3.0,100.0,16.0,1,3,2018,0.0
251249,3.0,100.0,16.0,1,4,2018,0.0
251250,3.0,101.0,16.0,0,0,2018,0.0
251251,3.0,101.0,16.0,0,1,2018,0.0
251252,3.0,101.0,16.0,0,2,2018,0.0
251253,3.0,101.0,16.0,0,3,2018,0.0
251254,3.0,101.0,16.0,0,4,2018,0.0
251255,3.0,101.0,16.0,1,0,2018,0.0
251256,3.0,101.0,16.0,1,1,2018,0.0
251257,3.0,101.0,16.0,1,2,2018,0.0
251258,3.0,101.0,16.0,1,3,2018,0.0
251259,3.0,101.0,16.0,1,4,2018,0.0
251260,3.0,102.0,16.0,0,0,2018,0.0
251261,3.0,102.0,16.0,0,1,2018,0.0
251262,3.0,102.0,16.0,0,2,2018,0.0
251263,3.0,102.0,16.0,0,3,2018,0.0
251264,3.0,102.0,16.0,0,4,2018,0.0
251265,3.0,102.0,16.0,1,0,2018,0.0
251266,3.0,102.0,16.0,1,1,2018,0.0
251267,3.0,102.0,16.0,1,2,2018,0.0
251268,3.0,102.0,16.0,1,3,2018,0.0
251269,3.0,102.0,16.0,1,4,2018,0.0
251270,3.0,117.0,17.0,0,0,2018,0.0
251271,3.0,117.0,17.0,0,1,2018,0.0
251272,3.0,117.0,17.0,0,2,2018,0.0
251273,3.0,117.0,17.0,0,3,2018,0.0
251274,3.0,117.0,17.0,0,4,2018,0.0
251275,3.0,117.0,17.0,1,0,2018,0.0
251276,3.0,117.0,17.0,1,1,2018,0.0
251277,3.0,117.0,17.0,1,2,2018,0.0
251278,3.0,117.0,17.0,1,3,2018,0.0
251279,3.0,117.0,17.0,1,4,2018,0.0
251280,3.0,103.0,16.0,0,0,2018,0.0
251281,3.0,103.0,16.0,0,1,2018,0.0
251282,3.0,103.0,16.0,0,2,2018,0.0
251283,3.0,103.0,16.0,0,3,2018,0.0
251284,3.0,103.0,16.0,0,4,2018,0.0
251285,3.0,103.0,16.0,1,0,2018,0.0
251286,3.0,103.0,16.0,1,1,2018,0.0
251287,3.0,103.0,16.0,1,2,2018,0.0
251288,3.0,103.0,16.0,1,3,2018,0.0
251289,3.0,103.0,16.0,1,4,2018,0.0
251290,3.0,105.0,16.0,0,0,2018,0.0
251291,3.0,105.0,16.0,0,1,2018,0.0
251292,3.0,105.0,16.0,0,2,2018,0.0
251293,3.0,105.0,16.0,0,3,2018,0.0
251294,3.0,105.0,16.0,0,4,2018,0.0
251295,3.0,105.0,16.0,1,0,2018,0.0
251296,3.0,105.0,16.0,1,1,2018,0.0
251297,3.0,105.0,16.0,1,2,2018,0.0
251298,3.0,105.0,16.0,1,3,2018,0.0
251299,3.0,105.0,16.0,1,4,2018,0.0
251300,3.0,106.0,16.0,0,0,2018,0.0
251301,3.0,106.0,16.0,0,1,2018,0.0
251302,3.0,106.0,16.0,0,2,2018,0.0
251303,3.0,106.0,16.0,0,3,2018,0.0
251304,3.0,106.0,16.0,0,4,2018,0.0
251305,3.0,106.0,16.0,1,0,2018,0.0
251306,3.0,106.0,16.0,1,1,2018,0.0
251307,3.0,106.0,16.0,1,2,2018,0.0
251308,3.0,106.0,16.0,1,3,2018,0.0
251309,3.0,106.0,16.0,1,4,2018,0.0
251310,3.0,107.0,17.0,0,0,2018,0.0
251311,3.0,107.0,17.0,0,1,2018,0.0
251312,3.0,107.0,17.0,0,2,2018,0.0
251313,3.0,107.0,17.0,0,3,2018,0.0
251314,3.0,107.0,17.0,0,4,2018,0.0
251315,3.0,107.0,17.0,1,0,2018,0.0
251316,3.0,107.0,17.0,1,1,2018,0.0
251317,3.0,107.0,17.0,1,2,2018,0.0
251318,3.0,107.0,17.0,1,3,2018,0.0
251319,3.0,107.0,17.0,1,4,2018,0.0
251320,3.0,108.0,17.0,0,0,2018,0.0
251321,3.0,108.0,17.0,0,1,2018,0.0
251322,3.0,108.0,17.0,0,2,2018,0.0
251323,3.0,108.0,17.0,0,3,2018,0.0
251324,3.0,108.0,17.0,0,4,2018,0.0
251325,3.0,108.0,17.0,1,0,2018,0.0
251326,3.0,108.0,17.0,1,1,2018,0.0
251327,3.0,108.0,17.0,1,2,2018,0.0
251328,3.0,108.0,17.0,1,3,2018,0.0
251329,3.0,108.0,17.0,1,4,2018,0.0
251330,3.0,109.0,17.0,0,0,2018,0.0
251331,3.0,109.0,17.0,0,1,2018,0.0
251332,3.0,109.0,17.0,0,2,2018,0.0
251333,3.0,109.0,17.0,0,3,2018,0.0
251334,3.0,109.0,17.0,0,4,2018,0.0
251335,3.0,109.0,17.0,1,0,2018,0.0
251336,3.0,109.0,17.0,1,1,2018,0.0
251337,3.0,109.0,17.0,1,2,2018,0.0
251338,3.0,109.0,17.0,1,3,2018,0.0
251339,3.0,109.0,17.0,1,4,2018,0.0
251340,3.0,110.0,17.0,0,0,2018,0.0
251341,3.0,110.0,17.0,0,1,2018,0.0
251342,3.0,110.0,17.0,0,2,2018,0.0
251343,3.0,110.0,17.0,0,3,2018,0.0
251344,3.0,110.0,17.0,0,4,2018,0.0
251345,3.0,110.0,17.0,1,0,2018,0.0
251346,3.0,110.0,17.0,1,1,2018,0.0
251347,3.0,110.0,17.0,1,2,2018,0.0
251348,3.0,110.0,17.0,1,3,2018,0.0
251349,3.0,110.0,17.0,1,4,2018,0.0
251350,3.0,111.0,17.0,0,0,2018,0.0
251351,3.0,111.0,17.0,0,1,2018,0.0
251352,3.0,111.0,17.0,0,2,2018,0.0
251353,3.0,111.0,17.0,0,3,2018,0.0
251354,3.0,111.0,17.0,0,4,2018,0.0
251355,3.0,111.0,17.0,1,0,2018,0.0
251356,3.0,111.0,17.0,1,1,2018,0.0
251357,3.0,111.0,17.0,1,2,2018,0.0
251358,3.0,111.0,17.0,1,3,2018,0.0
251359,3.0,111.0,17.0,1,4,2018,0.0
251360,3.0,112.0,17.0,0,0,2018,0.0
251361,3.0,112.0,17.0,0,1,2018,0.0
251362,3.0,112.0,17.0,0,2,2018,0.0
251363,3.0,112.0,17.0,0,3,2018,0.0
251364,3.0,112.0,17.0,0,4,2018,0.0
251365,3.0,112.0,17.0,1,0,2018,0.0
251366,3.0,112.0,17.0,1,1,2018,0.0
251367,3.0,112.0,17.0,1,2,2018,0.0
251368,3.0,112.0,17.0,1,3,2018,0.0
251369,3.0,112.0,17.0,1,4,2018,0.0
251370,3.0,113.0,17.0,0,0,2018,0.0
251371,3.0,113.0,17.0,0,1,2018,0.0
251372,3.0,113.0,17.0,0,2,2018,0.0
251373,3.0,113.0,17.0,0,3,2018,0.0
251374,3.0,113.0,17.0,0,4,2018,0.0
251375,3.0,113.0,17.0,1,0,2018,0.0
251376,3.0,113.0,17.0,1,1,2018,0.0
251377,3.0,113.0,17.0,1,2,2018,0.0
251378,3.0,113.0,17.0,1,3,2018,0.0
251379,3.0,113.0,17.0,1,4,2018,0.0
251380,3.0,114.0,17.0,0,0,2018,0.0
251381,3.0,114.0,17.0,0,1,2018,0.0
251382,3.0,114.0,17.0,0,2,2018,0.0
251383,3.0,114.0,17.0,0,3,2018,0.0
251384,3.0,114.0,17.0,0,4,2018,0.0
251385,3.0,114.0,17.0,1,0,2018,0.0
251386,3.0,114.0,17.0,1,1,2018,0.0
251387,3.0,114.0,17.0,1,2,2018,0.0
251388,3.0,114.0,17.0,1,3,2018,0.0
251389,3.0,114.0,17.0,1,4,2018,0.0
251390,3.0,115.0,17.0,0,0,2018,0.0
251391,3.0,115.0,17.0,0,1,2018,0.0
251392,3.0,115.0,17.0,0,2,2018,0.0
251393,3.0,115.0,17.0,0,3,2018,0.0
251394,3.0,115.0,17.0,0,4,2018,0.0
251395,3.0,115.0,17.0,1,0,2018,0.0
251396,3.0,115.0,17.0,1,1,2018,0.0
251397,3.0,115.0,17.0,1,2,2018,0.0
251398,3.0,115.0,17.0,1,3,2018,0.0
251399,3.0,115.0,17.0,1,4,2018,0.0
251400,3.0,104.0,16.0,0,0,2018,0.0
251401,3.0,104.0,16.0,0,1,2018,0.0
251402,3.0,104.0,16.0,0,2,2018,0.0
251403,3.0,104.0,16.0,0,3,2018,0.0
251404,3.0,104.0,16.0,0,4,2018,0.0
251405,3.0,104.0,16.0,1,0,2018,0.0
251406,3.0,104.0,16.0,1,1,2018,0.0
251407,3.0,104.0,16.0,1,2,2018,0.0
251408,3.0,104.0,16.0,1,3,2018,0.0
251409,3.0,104.0,16.0,1,4,2018,0.0
251410,4.0,144.0,23.0,0,0,2018,0.0
251411,4.0,144.0,23.0,0,1,2018,0.0
251412,4.0,144.0,23.0,0,2,2018,0.0
251413,4.0,144.0,23.0,0,3,2018,0.0
251414,4.0,144.0,23.0,0,4,2018,0.0
251415,4.0,144.0,23.0,1,0,2018,0.0
251416,4.0,144.0,23.0,1,1,2018,0.0
251417,4.0,144.0,23.0,1,2,2018,0.0
251418,4.0,144.0,23.0,1,3,2018,0.0
251419,4.0,144.0,23.0,1,4,2018,0.0
251420,15.0,199.0,39.0,0,0,2018,0.0
251421,15.0,199.0,39.0,0,1,2018,0.0
251422,15.0,199.0,39.0,0,2,2018,0.0
251423,15.0,199.0,39.0,0,3,2018,0.0
251424,15.0,199.0,39.0,0,4,2018,0.0
251425,15.0,199.0,39.0,1,0,2018,0.0
251426,15.0,199.0,39.0,1,1,2018,0.0
251427,15.0,199.0,39.0,1,2,2018,0.0
251428,15.0,199.0,39.0,1,3,2018,0.0
251429,15.0,199.0,39.0,1,4,2018,0.0
251430,4.0,146.0,23.0,0,0,2018,0.0
251431,4.0,146.0,23.0,0,1,2018,0.0
251432,4.0,146.0,23.0,0,2,2018,0.0
251433,4.0,146.0,23.0,0,3,2018,0.0
251434,4.0,146.0,23.0,0,4,2018,0.0
251435,4.0,146.0,23.0,1,0,2018,0.0
251436,4.0,146.0,23.0,1,1,2018,0.0
251437,4.0,146.0,23.0,1,2,2018,0.0
251438,4.0,146.0,23.0,1,3,2018,0.0
251439,4.0,146.0,23.0,1,4,2018,0.0
251440,4.0,176.0,26.0,0,0,2018,1155.3697533149266
251441,4.0,176.0,26.0,0,1,2018,1337.3246703804746
251442,4.0,176.0,26.0,0,2,2018,1155.3697533149266
251443,4.0,176.0,26.0,0,3,2018,960.8003159929453
251444,4.0,176.0,26.0,0,4,2018,1647.7905314121176
251445,4.0,176.0,26.0,1,0,2018,1155.3697533149266
251446,4.0,176.0,26.0,1,1,2018,1337.3246703804746
251447,4.0,176.0,26.0,1,2,2018,1155.3697533149266
251448,4.0,176.0,26.0,1,3,2018,368.02954297421934
251449,4.0,176.0,26.0,1,4,2018,1711.837534586269
251450,4.0,177.0,27.0,0,0,2018,0.0
251451,4.0,177.0,27.0,0,1,2018,0.0
251452,4.0,177.0,27.0,0,2,2018,0.0
251453,4.0,177.0,27.0,0,3,2018,0.0
251454,4.0,177.0,27.0,0,4,2018,0.0
251455,4.0,177.0,27.0,1,0,2018,0.0
251456,4.0,177.0,27.0,1,1,2018,0.0
251457,4.0,177.0,27.0,1,2,2018,0.0
251458,4.0,177.0,27.0,1,3,2018,0.0
251459,4.0,177.0,27.0,1,4,2018,0.0
251460,4.0,178.0,27.0,0,0,2018,0.0
251461,4.0,178.0,27.0,0,1,2018,0.0
251462,4.0,178.0,27.0,0,2,2018,0.0
251463,4.0,178.0,27.0,0,3,2018,0.0
251464,4.0,178.0,27.0,0,4,2018,0.0
251465,4.0,178.0,27.0,1,0,2018,0.0
251466,4.0,178.0,27.0,1,1,2018,0.0
251467,4.0,178.0,27.0,1,2,2018,0.0
251468,4.0,178.0,27.0,1,3,2018,0.0
251469,4.0,178.0,27.0,1,4,2018,0.0
251470,4.0,179.0,27.0,0,0,2018,1006.2897851452605
251471,4.0,179.0,27.0,0,1,2018,1164.766648395899
251472,4.0,179.0,27.0,0,2,2018,1006.2897851452605
251473,4.0,179.0,27.0,0,3,2018,836.8260816712755
251474,4.0,179.0,27.0,0,4,2018,1435.172398326684
251475,4.0,179.0,27.0,1,0,2018,1006.2897851452605
251476,4.0,179.0,27.0,1,1,2018,1164.766648395899
251477,4.0,179.0,27.0,1,2,2018,1006.2897851452605
251478,4.0,179.0,27.0,1,3,2018,320.5418600098041
251479,4.0,179.0,27.0,1,4,2018,1490.9552720590093
251480,4.0,180.0,27.0,0,0,2018,0.0
251481,4.0,180.0,27.0,0,1,2018,0.0
251482,4.0,180.0,27.0,0,2,2018,0.0
251483,4.0,180.0,27.0,0,3,2018,0.0
251484,4.0,180.0,27.0,0,4,2018,0.0
251485,4.0,180.0,27.0,1,0,2018,0.0
251486,4.0,180.0,27.0,1,1,2018,0.0
251487,4.0,180.0,27.0,1,2,2018,0.0
251488,4.0,180.0,27.0,1,3,2018,0.0
251489,4.0,180.0,27.0,1,4,2018,0.0
251490,4.0,181.0,27.0,0,0,2018,0.0
251491,4.0,181.0,27.0,0,1,2018,0.0
251492,4.0,181.0,27.0,0,2,2018,0.0
251493,4.0,181.0,27.0,0,3,2018,0.0
251494,4.0,181.0,27.0,0,4,2018,0.0
251495,4.0,181.0,27.0,1,0,2018,0.0
251496,4.0,181.0,27.0,1,1,2018,0.0
251497,4.0,181.0,27.0,1,2,2018,0.0
251498,4.0,181.0,27.0,1,3,2018,0.0
251499,4.0,181.0,27.0,1,4,2018,0.0
251500,4.0,182.0,27.0,0,0,2018,0.0
251501,4.0,182.0,27.0,0,1,2018,0.0
251502,4.0,182.0,27.0,0,2,2018,0.0
251503,4.0,182.0,27.0,0,3,2018,0.0
251504,4.0,182.0,27.0,0,4,2018,0.0
251505,4.0,182.0,27.0,1,0,2018,0.0
251506,4.0,182.0,27.0,1,1,2018,0.0
251507,4.0,182.0,27.0,1,2,2018,0.0
251508,4.0,182.0,27.0,1,3,2018,0.0
251509,4.0,182.0,27.0,1,4,2018,0.0
251510,4.0,183.0,27.0,0,0,2018,0.0
251511,4.0,183.0,27.0,0,1,2018,0.0
251512,4.0,183.0,27.0,0,2,2018,0.0
251513,4.0,183.0,27.0,0,3,2018,0.0
251514,4.0,183.0,27.0,0,4,2018,0.0
251515,4.0,183.0,27.0,1,0,2018,0.0
251516,4.0,183.0,27.0,1,1,2018,0.0
251517,4.0,183.0,27.0,1,2,2018,0.0
251518,4.0,183.0,27.0,1,3,2018,0.0
251519,4.0,183.0,27.0,1,4,2018,0.0
251520,4.0,184.0,27.0,0,0,2018,0.0
251521,4.0,184.0,27.0,0,1,2018,0.0
251522,4.0,184.0,27.0,0,2,2018,0.0
251523,4.0,184.0,27.0,0,3,2018,0.0
251524,4.0,184.0,27.0,0,4,2018,0.0
251525,4.0,184.0,27.0,1,0,2018,0.0
251526,4.0,184.0,27.0,1,1,2018,0.0
251527,4.0,184.0,27.0,1,2,2018,0.0
251528,4.0,184.0,27.0,1,3,2018,0.0
251529,4.0,184.0,27.0,1,4,2018,0.0
251530,4.0,185.0,27.0,0,0,2018,0.0
251531,4.0,185.0,27.0,0,1,2018,0.0
251532,4.0,185.0,27.0,0,2,2018,0.0
251533,4.0,185.0,27.0,0,3,2018,0.0
251534,4.0,185.0,27.0,0,4,2018,0.0
251535,4.0,185.0,27.0,1,0,2018,0.0
251536,4.0,185.0,27.0,1,1,2018,0.0
251537,4.0,185.0,27.0,1,2,2018,0.0
251538,4.0,185.0,27.0,1,3,2018,0.0
251539,4.0,185.0,27.0,1,4,2018,0.0
251540,4.0,186.0,27.0,0,0,2018,0.0
251541,4.0,186.0,27.0,0,1,2018,0.0
251542,4.0,186.0,27.0,0,2,2018,0.0
251543,4.0,186.0,27.0,0,3,2018,0.0
251544,4.0,186.0,27.0,0,4,2018,0.0
251545,4.0,186.0,27.0,1,0,2018,0.0
251546,4.0,186.0,27.0,1,1,2018,0.0
251547,4.0,186.0,27.0,1,2,2018,0.0
251548,4.0,186.0,27.0,1,3,2018,0.0
251549,4.0,186.0,27.0,1,4,2018,0.0
251550,4.0,175.0,25.0,0,0,2018,0.0
251551,4.0,175.0,25.0,0,1,2018,0.0
251552,4.0,175.0,25.0,0,2,2018,0.0
251553,4.0,175.0,25.0,0,3,2018,0.0
251554,4.0,175.0,25.0,0,4,2018,0.0
251555,4.0,175.0,25.0,1,0,2018,0.0
251556,4.0,175.0,25.0,1,1,2018,0.0
251557,4.0,175.0,25.0,1,2,2018,0.0
251558,4.0,175.0,25.0,1,3,2018,0.0
251559,4.0,175.0,25.0,1,4,2018,0.0
251560,4.0,187.0,27.0,0,0,2018,0.0
251561,4.0,187.0,27.0,0,1,2018,0.0
251562,4.0,187.0,27.0,0,2,2018,0.0
251563,4.0,187.0,27.0,0,3,2018,0.0
251564,4.0,187.0,27.0,0,4,2018,0.0
251565,4.0,187.0,27.0,1,0,2018,0.0
251566,4.0,187.0,27.0,1,1,2018,0.0
251567,4.0,187.0,27.0,1,2,2018,0.0
251568,4.0,187.0,27.0,1,3,2018,0.0
251569,4.0,187.0,27.0,1,4,2018,0.0
251570,5.0,189.0,29.0,0,0,2018,0.0
251571,5.0,189.0,29.0,0,1,2018,0.0
251572,5.0,189.0,29.0,0,2,2018,0.0
251573,5.0,189.0,29.0,0,3,2018,0.0
251574,5.0,189.0,29.0,0,4,2018,0.0
251575,5.0,189.0,29.0,1,0,2018,0.0
251576,5.0,189.0,29.0,1,1,2018,0.0
251577,5.0,189.0,29.0,1,2,2018,0.0
251578,5.0,189.0,29.0,1,3,2018,0.0
251579,5.0,189.0,29.0,1,4,2018,0.0
251580,6.0,190.0,30.0,0,0,2018,1109.159338343586
251581,6.0,190.0,30.0,0,1,2018,1296.535204623416
251582,6.0,190.0,30.0,0,2,2018,1109.159338343586
251583,6.0,190.0,30.0,0,3,2018,1033.5583051355022
251584,6.0,190.0,30.0,0,4,2018,1733.274114848323
251585,6.0,190.0,30.0,1,0,2018,1109.159338343586
251586,6.0,190.0,30.0,1,1,2018,1296.535204623416
251587,6.0,190.0,30.0,1,2,2018,1109.159338343586
251588,6.0,190.0,30.0,1,3,2018,399.16504611508896
251589,6.0,190.0,30.0,1,4,2018,1854.0133765456274
251590,7.0,191.0,31.0,0,0,2018,0.0
251591,7.0,191.0,31.0,0,1,2018,0.0
251592,7.0,191.0,31.0,0,2,2018,0.0
251593,7.0,191.0,31.0,0,3,2018,0.0
251594,7.0,191.0,31.0,0,4,2018,0.0
251595,7.0,191.0,31.0,1,0,2018,0.0
251596,7.0,191.0,31.0,1,1,2018,0.0
251597,7.0,191.0,31.0,1,2,2018,0.0
251598,7.0,191.0,31.0,1,3,2018,0.0
251599,7.0,191.0,31.0,1,4,2018,0.0
251600,8.0,192.0,32.0,0,0,2018,0.0
251601,8.0,192.0,32.0,0,1,2018,0.0
251602,8.0,192.0,32.0,0,2,2018,0.0
251603,8.0,192.0,32.0,0,3,2018,0.0
251604,8.0,192.0,32.0,0,4,2018,0.0
251605,8.0,192.0,32.0,1,0,2018,0.0
251606,8.0,192.0,32.0,1,1,2018,0.0
251607,8.0,192.0,32.0,1,2,2018,0.0
251608,8.0,192.0,32.0,1,3,2018,0.0
251609,8.0,192.0,32.0,1,4,2018,0.0
251610,9.0,193.0,33.0,0,0,2018,0.0
251611,9.0,193.0,33.0,0,1,2018,0.0
251612,9.0,193.0,33.0,0,2,2018,0.0
251613,9.0,193.0,33.0,0,3,2018,0.0
251614,9.0,193.0,33.0,0,4,2018,0.0
251615,9.0,193.0,33.0,1,0,2018,0.0
251616,9.0,193.0,33.0,1,1,2018,0.0
251617,9.0,193.0,33.0,1,2,2018,0.0
251618,9.0,193.0,33.0,1,3,2018,0.0
251619,9.0,193.0,33.0,1,4,2018,0.0
251620,10.0,194.0,34.0,0,0,2018,0.0
251621,10.0,194.0,34.0,0,1,2018,0.0
251622,10.0,194.0,34.0,0,2,2018,0.0
251623,10.0,194.0,34.0,0,3,2018,0.0
251624,10.0,194.0,34.0,0,4,2018,0.0
251625,10.0,194.0,34.0,1,0,2018,0.0
251626,10.0,194.0,34.0,1,1,2018,0.0
251627,10.0,194.0,34.0,1,2,2018,0.0
251628,10.0,194.0,34.0,1,3,2018,0.0
251629,10.0,194.0,34.0,1,4,2018,0.0
251630,11.0,195.0,35.0,0,0,2018,0.0
251631,11.0,195.0,35.0,0,1,2018,0.0
251632,11.0,195.0,35.0,0,2,2018,0.0
251633,11.0,195.0,35.0,0,3,2018,0.0
251634,11.0,195.0,35.0,0,4,2018,0.0
251635,11.0,195.0,35.0,1,0,2018,0.0
251636,11.0,195.0,35.0,1,1,2018,0.0
251637,11.0,195.0,35.0,1,2,2018,0.0
251638,11.0,195.0,35.0,1,3,2018,0.0
251639,11.0,195.0,35.0,1,4,2018,0.0
251640,12.0,196.0,36.0,0,0,2018,3739.1142471363864
251641,12.0,196.0,36.0,0,1,2018,4196.818595846944
251642,12.0,196.0,36.0,0,2,2018,3739.1142471363864
251643,12.0,196.0,36.0,0,3,2018,3057.3219823989907
251644,12.0,196.0,36.0,0,4,2018,5236.494730448891
251645,12.0,196.0,36.0,1,0,2018,3739.1142471363864
251646,12.0,196.0,36.0,1,1,2018,4196.818595846944
251647,12.0,196.0,36.0,1,2,2018,3739.1142471363864
251648,12.0,196.0,36.0,1,3,2018,1151.3292955618772
251649,12.0,196.0,36.0,1,4,2018,5425.730009527769
251650,13.0,197.0,37.0,0,0,2018,0.0
251651,13.0,197.0,37.0,0,1,2018,0.0
251652,13.0,197.0,37.0,0,2,2018,0.0
251653,13.0,197.0,37.0,0,3,2018,0.0
251654,13.0,197.0,37.0,0,4,2018,0.0
251655,13.0,197.0,37.0,1,0,2018,0.0
251656,13.0,197.0,37.0,1,1,2018,0.0
251657,13.0,197.0,37.0,1,2,2018,0.0
251658,13.0,197.0,37.0,1,3,2018,0.0
251659,13.0,197.0,37.0,1,4,2018,0.0
251660,14.0,198.0,38.0,0,0,2018,0.0
251661,14.0,198.0,38.0,0,1,2018,0.0
251662,14.0,198.0,38.0,0,2,2018,0.0
251663,14.0,198.0,38.0,0,3,2018,0.0
251664,14.0,198.0,38.0,0,4,2018,0.0
251665,14.0,198.0,38.0,1,0,2018,0.0
251666,14.0,198.0,38.0,1,1,2018,0.0
251667,14.0,198.0,38.0,1,2,2018,0.0
251668,14.0,198.0,38.0,1,3,2018,0.0
251669,14.0,198.0,38.0,1,4,2018,0.0
251670,2.0,90.0,13.0,0,0,2018,3699.6370439599546
251671,2.0,90.0,13.0,0,1,2018,3854.747214617762
251672,2.0,90.0,13.0,0,2,2018,3699.6370439599546
251673,2.0,90.0,13.0,0,3,2018,2253.378680807966
251674,2.0,90.0,13.0,0,4,2018,4085.6173069409124
251675,2.0,90.0,13.0,1,0,2018,3699.6370439599546
251676,2.0,90.0,13.0,1,1,2018,3854.747214617762
251677,2.0,90.0,13.0,1,2,2018,3699.6370439599546
251678,2.0,90.0,13.0,1,3,2018,788.4938052939834
251679,2.0,90.0,13.0,1,4,2018,3880.2995698124473
251680,4.0,188.0,28.0,0,0,2018,1843.2168882604303
251681,4.0,188.0,28.0,0,1,2018,1915.1833031635972
251682,4.0,188.0,28.0,0,2,2018,1843.2168882604303
251683,4.0,188.0,28.0,0,3,2018,1180.0121970145908
251684,4.0,188.0,28.0,0,4,2018,2094.628817177824
251685,4.0,188.0,28.0,1,0,2018,1843.2168882604303
251686,4.0,188.0,28.0,1,1,2018,1915.1833031635972
251687,4.0,188.0,28.0,1,2,2018,1843.2168882604303
251688,4.0,188.0,28.0,1,3,2018,438.5592285471666
251689,4.0,188.0,28.0,1,4,2018,2070.130607013256
251690,4.0,174.0,25.0,0,0,2018,0.0
251691,4.0,174.0,25.0,0,1,2018,0.0
251692,4.0,174.0,25.0,0,2,2018,0.0
251693,4.0,174.0,25.0,0,3,2018,0.0
251694,4.0,174.0,25.0,0,4,2018,0.0
251695,4.0,174.0,25.0,1,0,2018,0.0
251696,4.0,174.0,25.0,1,1,2018,0.0
251697,4.0,174.0,25.0,1,2,2018,0.0
251698,4.0,174.0,25.0,1,3,2018,0.0
251699,4.0,174.0,25.0,1,4,2018,0.0
251700,4.0,173.0,25.0,0,0,2018,0.0
251701,4.0,173.0,25.0,0,1,2018,0.0
251702,4.0,173.0,25.0,0,2,2018,0.0
251703,4.0,173.0,25.0,0,3,2018,0.0
251704,4.0,173.0,25.0,0,4,2018,0.0
251705,4.0,173.0,25.0,1,0,2018,0.0
251706,4.0,173.0,25.0,1,1,2018,0.0
251707,4.0,173.0,25.0,1,2,2018,0.0
251708,4.0,173.0,25.0,1,3,2018,0.0
251709,4.0,173.0,25.0,1,4,2018,0.0
251710,4.0,172.0,25.0,0,0,2018,0.0
251711,4.0,172.0,25.0,0,1,2018,0.0
251712,4.0,172.0,25.0,0,2,2018,0.0
251713,4.0,172.0,25.0,0,3,2018,0.0
251714,4.0,172.0,25.0,0,4,2018,0.0
251715,4.0,172.0,25.0,1,0,2018,0.0
251716,4.0,172.0,25.0,1,1,2018,0.0
251717,4.0,172.0,25.0,1,2,2018,0.0
251718,4.0,172.0,25.0,1,3,2018,0.0
251719,4.0,172.0,25.0,1,4,2018,0.0
251720,4.0,147.0,23.0,0,0,2018,0.0
251721,4.0,147.0,23.0,0,1,2018,0.0
251722,4.0,147.0,23.0,0,2,2018,0.0
251723,4.0,147.0,23.0,0,3,2018,0.0
251724,4.0,147.0,23.0,0,4,2018,0.0
251725,4.0,147.0,23.0,1,0,2018,0.0
251726,4.0,147.0,23.0,1,1,2018,0.0
251727,4.0,147.0,23.0,1,2,2018,0.0
251728,4.0,147.0,23.0,1,3,2018,0.0
251729,4.0,147.0,23.0,1,4,2018,0.0
251730,4.0,148.0,23.0,0,0,2018,0.0
251731,4.0,148.0,23.0,0,1,2018,0.0
251732,4.0,148.0,23.0,0,2,2018,0.0
251733,4.0,148.0,23.0,0,3,2018,0.0
251734,4.0,148.0,23.0,0,4,2018,0.0
251735,4.0,148.0,23.0,1,0,2018,0.0
251736,4.0,148.0,23.0,1,1,2018,0.0
251737,4.0,148.0,23.0,1,2,2018,0.0
251738,4.0,148.0,23.0,1,3,2018,0.0
251739,4.0,148.0,23.0,1,4,2018,0.0
251740,4.0,149.0,23.0,0,0,2018,0.0
251741,4.0,149.0,23.0,0,1,2018,0.0
251742,4.0,149.0,23.0,0,2,2018,0.0
251743,4.0,149.0,23.0,0,3,2018,0.0
251744,4.0,149.0,23.0,0,4,2018,0.0
251745,4.0,149.0,23.0,1,0,2018,0.0
251746,4.0,149.0,23.0,1,1,2018,0.0
251747,4.0,149.0,23.0,1,2,2018,0.0
251748,4.0,149.0,23.0,1,3,2018,0.0
251749,4.0,149.0,23.0,1,4,2018,0.0
251750,4.0,150.0,23.0,0,0,2018,0.0
251751,4.0,150.0,23.0,0,1,2018,0.0
251752,4.0,150.0,23.0,0,2,2018,0.0
251753,4.0,150.0,23.0,0,3,2018,0.0
251754,4.0,150.0,23.0,0,4,2018,0.0
251755,4.0,150.0,23.0,1,0,2018,0.0
251756,4.0,150.0,23.0,1,1,2018,0.0
251757,4.0,150.0,23.0,1,2,2018,0.0
251758,4.0,150.0,23.0,1,3,2018,0.0
251759,4.0,150.0,23.0,1,4,2018,0.0
251760,4.0,151.0,23.0,0,0,2018,7491.268400525815
251761,4.0,151.0,23.0,0,1,2018,8671.040604725014
251762,4.0,151.0,23.0,0,2,2018,7491.268400525815
251763,4.0,151.0,23.0,0,3,2018,6229.705274663935
251764,4.0,151.0,23.0,0,4,2018,10684.061187543082
251765,4.0,151.0,23.0,1,0,2018,7491.268400525815
251766,4.0,151.0,23.0,1,1,2018,8671.040604725014
251767,4.0,151.0,23.0,1,2,2018,7491.268400525815
251768,4.0,151.0,23.0,1,3,2018,2386.256068961873
251769,4.0,151.0,23.0,1,4,2018,11099.333691994838
251770,4.0,152.0,23.0,0,0,2018,0.0
251771,4.0,152.0,23.0,0,1,2018,0.0
251772,4.0,152.0,23.0,0,2,2018,0.0
251773,4.0,152.0,23.0,0,3,2018,0.0
251774,4.0,152.0,23.0,0,4,2018,0.0
251775,4.0,152.0,23.0,1,0,2018,0.0
251776,4.0,152.0,23.0,1,1,2018,0.0
251777,4.0,152.0,23.0,1,2,2018,0.0
251778,4.0,152.0,23.0,1,3,2018,0.0
251779,4.0,152.0,23.0,1,4,2018,0.0
251780,4.0,153.0,23.0,0,0,2018,0.0
251781,4.0,153.0,23.0,0,1,2018,0.0
251782,4.0,153.0,23.0,0,2,2018,0.0
251783,4.0,153.0,23.0,0,3,2018,0.0
251784,4.0,153.0,23.0,0,4,2018,0.0
251785,4.0,153.0,23.0,1,0,2018,0.0
251786,4.0,153.0,23.0,1,1,2018,0.0
251787,4.0,153.0,23.0,1,2,2018,0.0
251788,4.0,153.0,23.0,1,3,2018,0.0
251789,4.0,153.0,23.0,1,4,2018,0.0
251790,4.0,154.0,24.0,0,0,2018,252.3880284256638
251791,4.0,154.0,24.0,0,1,2018,290.4528991619863
251792,4.0,154.0,24.0,0,2,2018,252.3880284256638
251793,4.0,154.0,24.0,0,3,2018,206.53023311403044
251794,4.0,154.0,24.0,0,4,2018,354.1651534651158
251795,4.0,154.0,24.0,1,0,2018,252.3880284256638
251796,4.0,154.0,24.0,1,1,2018,290.4528991619863
251797,4.0,154.0,24.0,1,2,2018,252.3880284256638
251798,4.0,154.0,24.0,1,3,2018,79.1570940131964
251799,4.0,154.0,24.0,1,4,2018,368.0152635665425
251800,4.0,155.0,24.0,0,0,2018,306.13611301977676
251801,4.0,155.0,24.0,0,1,2018,334.77596042267606
251802,4.0,155.0,24.0,0,2,2018,306.13611301977676
251803,4.0,155.0,24.0,0,3,2018,192.43782552488148
251804,4.0,155.0,24.0,0,4,2018,357.20464841230336
251805,4.0,155.0,24.0,1,0,2018,306.13611301977676
251806,4.0,155.0,24.0,1,1,2018,334.77596042267606
251807,4.0,155.0,24.0,1,2,2018,306.13611301977676
251808,4.0,155.0,24.0,1,3,2018,63.99126556808621
251809,4.0,155.0,24.0,1,4,2018,325.4664500552683
251810,4.0,156.0,24.0,0,0,2018,80.062986195011
251811,4.0,156.0,24.0,0,1,2018,90.5753785079795
251812,4.0,156.0,24.0,0,2,2018,80.062986195011
251813,4.0,156.0,24.0,0,3,2018,61.78293075895585
251814,4.0,156.0,24.0,0,4,2018,106.91854187711789
251815,4.0,156.0,24.0,1,0,2018,80.062986195011
251816,4.0,156.0,24.0,1,1,2018,90.5753785079795
251817,4.0,156.0,24.0,1,2,2018,80.062986195011
251818,4.0,156.0,24.0,1,3,2018,23.379909427482573
251819,4.0,156.0,24.0,1,4,2018,109.61994241701204
251820,4.0,157.0,24.0,0,0,2018,8.40275340588154
251821,4.0,157.0,24.0,0,1,2018,8.835884147812502
251822,4.0,157.0,24.0,0,2,2018,8.40275340588154
251823,4.0,157.0,24.0,0,3,2018,7.255196212488241
251824,4.0,157.0,24.0,0,4,2018,10.867751967652987
251825,4.0,157.0,24.0,1,0,2018,8.40275340588154
251826,4.0,157.0,24.0,1,1,2018,8.835884147812502
251827,4.0,157.0,24.0,1,2,2018,8.40275340588154
251828,4.0,157.0,24.0,1,3,2018,3.9324281706907804
251829,4.0,157.0,24.0,1,4,2018,14.552089554592792
251830,4.0,158.0,24.0,0,0,2018,106.55751123733307
251831,4.0,158.0,24.0,0,1,2018,116.57423372490857
251832,4.0,158.0,24.0,0,2,2018,106.55751123733307
251833,4.0,158.0,24.0,0,3,2018,74.3304178999558
251834,4.0,158.0,24.0,0,4,2018,131.30100139227963
251835,4.0,158.0,24.0,1,0,2018,106.55751123733307
251836,4.0,158.0,24.0,1,1,2018,116.57423372490857
251837,4.0,158.0,24.0,1,2,2018,106.55751123733307
251838,4.0,158.0,24.0,1,3,2018,27.15071736438653
251839,4.0,158.0,24.0,1,4,2018,130.11306846880964
251840,4.0,159.0,24.0,0,0,2018,69.9512050240209
251841,4.0,159.0,24.0,0,1,2018,79.19342417960479
251842,4.0,159.0,24.0,0,2,2018,69.9512050240209
251843,4.0,159.0,24.0,0,3,2018,49.4454516153649
251844,4.0,159.0,24.0,0,4,2018,89.99431936742398
251845,4.0,159.0,24.0,1,0,2018,69.9512050240209
251846,4.0,159.0,24.0,1,1,2018,79.19342417960479
251847,4.0,159.0,24.0,1,2,2018,69.9512050240209
251848,4.0,159.0,24.0,1,3,2018,16.74371802747363
251849,4.0,159.0,24.0,1,4,2018,84.36198664473548
251850,4.0,160.0,24.0,0,0,2018,6.199070275742361
251851,4.0,160.0,24.0,0,1,2018,7.140911040603323
251852,4.0,160.0,24.0,0,2,2018,6.199070275742361
251853,4.0,160.0,24.0,0,3,2018,5.501035144541751
251854,4.0,160.0,24.0,0,4,2018,9.12364328923481
251855,4.0,160.0,24.0,1,0,2018,6.199070275742361
251856,4.0,160.0,24.0,1,1,2018,7.140911040603323
251857,4.0,160.0,24.0,1,2,2018,6.199070275742361
251858,4.0,160.0,24.0,1,3,2018,2.2162810859973803
251859,4.0,160.0,24.0,1,4,2018,10.003936110147981
251860,4.0,161.0,24.0,0,0,2018,177.17429478308932
251861,4.0,161.0,24.0,0,1,2018,195.9293961836135
251862,4.0,161.0,24.0,0,2,2018,177.17429478308932
251863,4.0,161.0,24.0,0,3,2018,121.57924964800351
251864,4.0,161.0,24.0,0,4,2018,218.62744078008163
251865,4.0,161.0,24.0,1,0,2018,177.17429478308932
251866,4.0,161.0,24.0,1,1,2018,195.9293961836135
251867,4.0,161.0,24.0,1,2,2018,177.17429478308932
251868,4.0,161.0,24.0,1,3,2018,42.92802920611562
251869,4.0,161.0,24.0,1,4,2018,210.14792019097604
251870,4.0,162.0,24.0,0,0,2018,43.913464523681384
251871,4.0,162.0,24.0,0,1,2018,49.40513815013868
251872,4.0,162.0,24.0,0,2,2018,43.913464523681384
251873,4.0,162.0,24.0,0,3,2018,34.89108275989611
251874,4.0,162.0,24.0,0,4,2018,59.569662183877846
251875,4.0,162.0,24.0,1,0,2018,43.913464523681384
251876,4.0,162.0,24.0,1,1,2018,49.40513815013868
251877,4.0,162.0,24.0,1,2,2018,43.913464523681384
251878,4.0,162.0,24.0,1,3,2018,13.388291296981098
251879,4.0,162.0,24.0,1,4,2018,62.298914158124056
251880,4.0,163.0,24.0,0,0,2018,0.0
251881,4.0,163.0,24.0,0,1,2018,0.0
251882,4.0,163.0,24.0,0,2,2018,0.0
251883,4.0,163.0,24.0,0,3,2018,0.0
251884,4.0,163.0,24.0,0,4,2018,0.0
251885,4.0,163.0,24.0,1,0,2018,0.0
251886,4.0,163.0,24.0,1,1,2018,0.0
251887,4.0,163.0,24.0,1,2,2018,0.0
251888,4.0,163.0,24.0,1,3,2018,0.0
251889,4.0,163.0,24.0,1,4,2018,0.0
251890,4.0,164.0,24.0,0,0,2018,24.933886882962945
251891,4.0,164.0,24.0,0,1,2018,28.527402630701506
251892,4.0,164.0,24.0,0,2,2018,24.933886882962945
251893,4.0,164.0,24.0,0,3,2018,20.890149673046956
251894,4.0,164.0,24.0,0,4,2018,35.88140139099108
251895,4.0,164.0,24.0,1,0,2018,24.933886882962945
251896,4.0,164.0,24.0,1,1,2018,28.527402630701506
251897,4.0,164.0,24.0,1,2,2018,24.933886882962945
251898,4.0,164.0,24.0,1,3,2018,7.72091778877807
251899,4.0,164.0,24.0,1,4,2018,36.90447171742712
251900,4.0,165.0,25.0,0,0,2018,0.0
251901,4.0,165.0,25.0,0,1,2018,0.0
251902,4.0,165.0,25.0,0,2,2018,0.0
251903,4.0,165.0,25.0,0,3,2018,0.0
251904,4.0,165.0,25.0,0,4,2018,0.0
251905,4.0,165.0,25.0,1,0,2018,0.0
251906,4.0,165.0,25.0,1,1,2018,0.0
251907,4.0,165.0,25.0,1,2,2018,0.0
251908,4.0,165.0,25.0,1,3,2018,0.0
251909,4.0,165.0,25.0,1,4,2018,0.0
251910,4.0,166.0,25.0,0,0,2018,0.0
251911,4.0,166.0,25.0,0,1,2018,0.0
251912,4.0,166.0,25.0,0,2,2018,0.0
251913,4.0,166.0,25.0,0,3,2018,0.0
251914,4.0,166.0,25.0,0,4,2018,0.0
251915,4.0,166.0,25.0,1,0,2018,0.0
251916,4.0,166.0,25.0,1,1,2018,0.0
251917,4.0,166.0,25.0,1,2,2018,0.0
251918,4.0,166.0,25.0,1,3,2018,0.0
251919,4.0,166.0,25.0,1,4,2018,0.0
251920,4.0,167.0,25.0,0,0,2018,0.0
251921,4.0,167.0,25.0,0,1,2018,0.0
251922,4.0,167.0,25.0,0,2,2018,0.0
251923,4.0,167.0,25.0,0,3,2018,0.0
251924,4.0,167.0,25.0,0,4,2018,0.0
251925,4.0,167.0,25.0,1,0,2018,0.0
251926,4.0,167.0,25.0,1,1,2018,0.0
251927,4.0,167.0,25.0,1,2,2018,0.0
251928,4.0,167.0,25.0,1,3,2018,0.0
251929,4.0,167.0,25.0,1,4,2018,0.0
251930,4.0,168.0,25.0,0,0,2018,0.0
251931,4.0,168.0,25.0,0,1,2018,0.0
251932,4.0,168.0,25.0,0,2,2018,0.0
251933,4.0,168.0,25.0,0,3,2018,0.0
251934,4.0,168.0,25.0,0,4,2018,0.0
251935,4.0,168.0,25.0,1,0,2018,0.0
251936,4.0,168.0,25.0,1,1,2018,0.0
251937,4.0,168.0,25.0,1,2,2018,0.0
251938,4.0,168.0,25.0,1,3,2018,0.0
251939,4.0,168.0,25.0,1,4,2018,0.0
251940,4.0,169.0,25.0,0,0,2018,0.0
251941,4.0,169.0,25.0,0,1,2018,0.0
251942,4.0,169.0,25.0,0,2,2018,0.0
251943,4.0,169.0,25.0,0,3,2018,0.0
251944,4.0,169.0,25.0,0,4,2018,0.0
251945,4.0,169.0,25.0,1,0,2018,0.0
251946,4.0,169.0,25.0,1,1,2018,0.0
251947,4.0,169.0,25.0,1,2,2018,0.0
251948,4.0,169.0,25.0,1,3,2018,0.0
251949,4.0,169.0,25.0,1,4,2018,0.0
251950,4.0,170.0,25.0,0,0,2018,0.0
251951,4.0,170.0,25.0,0,1,2018,0.0
251952,4.0,170.0,25.0,0,2,2018,0.0
251953,4.0,170.0,25.0,0,3,2018,0.0
251954,4.0,170.0,25.0,0,4,2018,0.0
251955,4.0,170.0,25.0,1,0,2018,0.0
251956,4.0,170.0,25.0,1,1,2018,0.0
251957,4.0,170.0,25.0,1,2,2018,0.0
251958,4.0,170.0,25.0,1,3,2018,0.0
251959,4.0,170.0,25.0,1,4,2018,0.0
251960,4.0,171.0,25.0,0,0,2018,0.0
251961,4.0,171.0,25.0,0,1,2018,0.0
251962,4.0,171.0,25.0,0,2,2018,0.0
251963,4.0,171.0,25.0,0,3,2018,0.0
251964,4.0,171.0,25.0,0,4,2018,0.0
251965,4.0,171.0,25.0,1,0,2018,0.0
251966,4.0,171.0,25.0,1,1,2018,0.0
251967,4.0,171.0,25.0,1,2,2018,0.0
251968,4.0,171.0,25.0,1,3,2018,0.0
251969,4.0,171.0,25.0,1,4,2018,0.0
251970,4.0,145.0,23.0,0,0,2018,0.0
251971,4.0,145.0,23.0,0,1,2018,0.0
251972,4.0,145.0,23.0,0,2,2018,0.0
251973,4.0,145.0,23.0,0,3,2018,0.0
251974,4.0,145.0,23.0,0,4,2018,0.0
251975,4.0,145.0,23.0,1,0,2018,0.0
251976,4.0,145.0,23.0,1,1,2018,0.0
251977,4.0,145.0,23.0,1,2,2018,0.0
251978,4.0,145.0,23.0,1,3,2018,0.0
251979,4.0,145.0,23.0,1,4,2018,0.0
251980,2.0,89.0,13.0,0,0,2018,0.0
251981,2.0,89.0,13.0,0,1,2018,0.0
251982,2.0,89.0,13.0,0,2,2018,0.0
251983,2.0,89.0,13.0,0,3,2018,0.0
251984,2.0,89.0,13.0,0,4,2018,0.0
251985,2.0,89.0,13.0,1,0,2018,0.0
251986,2.0,89.0,13.0,1,1,2018,0.0
251987,2.0,89.0,13.0,1,2,2018,0.0
251988,2.0,89.0,13.0,1,3,2018,0.0
251989,2.0,89.0,13.0,1,4,2018,0.0
251990,20.0,204.0,44.0,0,0,2018,0.0
251991,20.0,204.0,44.0,0,1,2018,0.0
251992,20.0,204.0,44.0,0,2,2018,0.0
251993,20.0,204.0,44.0,0,3,2018,0.0
251994,20.0,204.0,44.0,0,4,2018,0.0
251995,20.0,204.0,44.0,1,0,2018,0.0
251996,20.0,204.0,44.0,1,1,2018,0.0
251997,20.0,204.0,44.0,1,2,2018,0.0
251998,20.0,204.0,44.0,1,3,2018,0.0
251999,20.0,204.0,44.0,1,4,2018,0.0
252000,2.0,87.0,13.0,0,0,2018,1609.1318825719936
252001,2.0,87.0,13.0,0,1,2018,1580.9007096809796
252002,2.0,87.0,13.0,0,2,2018,1609.1318825719936
252003,2.0,87.0,13.0,0,3,2018,796.3541018979923
252004,2.0,87.0,13.0,0,4,2018,1513.27794701108
252005,2.0,87.0,13.0,1,0,2018,1609.1318825719936
252006,2.0,87.0,13.0,1,1,2018,1580.9007096809796
252007,2.0,87.0,13.0,1,2,2018,1609.1318825719936
252008,2.0,87.0,13.0,1,3,2018,256.51065114586896
252009,2.0,87.0,13.0,1,4,2018,1330.2346594062917
252010,1.0,28.0,4.0,0,0,2018,0.0
252011,1.0,28.0,4.0,0,1,2018,0.0
252012,1.0,28.0,4.0,0,2,2018,0.0
252013,1.0,28.0,4.0,0,3,2018,0.0
252014,1.0,28.0,4.0,0,4,2018,0.0
252015,1.0,28.0,4.0,1,0,2018,0.0
252016,1.0,28.0,4.0,1,1,2018,0.0
252017,1.0,28.0,4.0,1,2,2018,0.0
252018,1.0,28.0,4.0,1,3,2018,0.0
252019,1.0,28.0,4.0,1,4,2018,0.0
252020,1.0,29.0,4.0,0,0,2018,0.0
252021,1.0,29.0,4.0,0,1,2018,0.0
252022,1.0,29.0,4.0,0,2,2018,0.0
252023,1.0,29.0,4.0,0,3,2018,0.0
252024,1.0,29.0,4.0,0,4,2018,0.0
252025,1.0,29.0,4.0,1,0,2018,0.0
252026,1.0,29.0,4.0,1,1,2018,0.0
252027,1.0,29.0,4.0,1,2,2018,0.0
252028,1.0,29.0,4.0,1,3,2018,0.0
252029,1.0,29.0,4.0,1,4,2018,0.0
252030,1.0,30.0,4.0,0,0,2018,0.0
252031,1.0,30.0,4.0,0,1,2018,0.0
252032,1.0,30.0,4.0,0,2,2018,0.0
252033,1.0,30.0,4.0,0,3,2018,0.0
252034,1.0,30.0,4.0,0,4,2018,0.0
252035,1.0,30.0,4.0,1,0,2018,0.0
252036,1.0,30.0,4.0,1,1,2018,0.0
252037,1.0,30.0,4.0,1,2,2018,0.0
252038,1.0,30.0,4.0,1,3,2018,0.0
252039,1.0,30.0,4.0,1,4,2018,0.0
252040,1.0,31.0,4.0,0,0,2018,0.0
252041,1.0,31.0,4.0,0,1,2018,0.0
252042,1.0,31.0,4.0,0,2,2018,0.0
252043,1.0,31.0,4.0,0,3,2018,0.0
252044,1.0,31.0,4.0,0,4,2018,0.0
252045,1.0,31.0,4.0,1,0,2018,0.0
252046,1.0,31.0,4.0,1,1,2018,0.0
252047,1.0,31.0,4.0,1,2,2018,0.0
252048,1.0,31.0,4.0,1,3,2018,0.0
252049,1.0,31.0,4.0,1,4,2018,0.0
252050,1.0,32.0,4.0,0,0,2018,0.0
252051,1.0,32.0,4.0,0,1,2018,0.0
252052,1.0,32.0,4.0,0,2,2018,0.0
252053,1.0,32.0,4.0,0,3,2018,0.0
252054,1.0,32.0,4.0,0,4,2018,0.0
252055,1.0,32.0,4.0,1,0,2018,0.0
252056,1.0,32.0,4.0,1,1,2018,0.0
252057,1.0,32.0,4.0,1,2,2018,0.0
252058,1.0,32.0,4.0,1,3,2018,0.0
252059,1.0,32.0,4.0,1,4,2018,0.0
252060,1.0,33.0,4.0,0,0,2018,0.0
252061,1.0,33.0,4.0,0,1,2018,0.0
252062,1.0,33.0,4.0,0,2,2018,0.0
252063,1.0,33.0,4.0,0,3,2018,0.0
252064,1.0,33.0,4.0,0,4,2018,0.0
252065,1.0,33.0,4.0,1,0,2018,0.0
252066,1.0,33.0,4.0,1,1,2018,0.0
252067,1.0,33.0,4.0,1,2,2018,0.0
252068,1.0,33.0,4.0,1,3,2018,0.0
252069,1.0,33.0,4.0,1,4,2018,0.0
252070,1.0,34.0,4.0,0,0,2018,0.0
252071,1.0,34.0,4.0,0,1,2018,0.0
252072,1.0,34.0,4.0,0,2,2018,0.0
252073,1.0,34.0,4.0,0,3,2018,0.0
252074,1.0,34.0,4.0,0,4,2018,0.0
252075,1.0,34.0,4.0,1,0,2018,0.0
252076,1.0,34.0,4.0,1,1,2018,0.0
252077,1.0,34.0,4.0,1,2,2018,0.0
252078,1.0,34.0,4.0,1,3,2018,0.0
252079,1.0,34.0,4.0,1,4,2018,0.0
252080,39.0,223.0,63.0,0,0,2018,0.0
252081,39.0,223.0,63.0,0,1,2018,0.0
252082,39.0,223.0,63.0,0,2,2018,0.0
252083,39.0,223.0,63.0,0,3,2018,0.0
252084,39.0,223.0,63.0,0,4,2018,0.0
252085,39.0,223.0,63.0,1,0,2018,0.0
252086,39.0,223.0,63.0,1,1,2018,0.0
252087,39.0,223.0,63.0,1,2,2018,0.0
252088,39.0,223.0,63.0,1,3,2018,0.0
252089,39.0,223.0,63.0,1,4,2018,0.0
252090,36.0,220.0,60.0,0,0,2018,231.9757631294799
252091,36.0,220.0,60.0,0,1,2018,159.54326270940317
252092,36.0,220.0,60.0,0,2,2018,231.9757631294799
252093,36.0,220.0,60.0,0,3,2018,31.504809250176947
252094,36.0,220.0,60.0,0,4,2018,78.45163967916749
252095,36.0,220.0,60.0,1,0,2018,231.9757631294799
252096,36.0,220.0,60.0,1,1,2018,159.54326270940317
252097,36.0,220.0,60.0,1,2,2018,231.9757631294799
252098,36.0,220.0,60.0,1,3,2018,6.553583991511257
252099,36.0,220.0,60.0,1,4,2018,44.635666145834236
252100,40.0,224.0,64.0,0,0,2018,0.0
252101,40.0,224.0,64.0,0,1,2018,0.0
252102,40.0,224.0,64.0,0,2,2018,0.0
252103,40.0,224.0,64.0,0,3,2018,0.0
252104,40.0,224.0,64.0,0,4,2018,0.0
252105,40.0,224.0,64.0,1,0,2018,0.0
252106,40.0,224.0,64.0,1,1,2018,0.0
252107,40.0,224.0,64.0,1,2,2018,0.0
252108,40.0,224.0,64.0,1,3,2018,0.0
252109,40.0,224.0,64.0,1,4,2018,0.0
252110,37.0,221.0,61.0,0,0,2018,0.0
252111,37.0,221.0,61.0,0,1,2018,0.0
252112,37.0,221.0,61.0,0,2,2018,0.0
252113,37.0,221.0,61.0,0,3,2018,0.0
252114,37.0,221.0,61.0,0,4,2018,0.0
252115,37.0,221.0,61.0,1,0,2018,0.0
252116,37.0,221.0,61.0,1,1,2018,0.0
252117,37.0,221.0,61.0,1,2,2018,0.0
252118,37.0,221.0,61.0,1,3,2018,0.0
252119,37.0,221.0,61.0,1,4,2018,0.0
252120,1.0,27.0,4.0,0,0,2018,0.0
252121,1.0,27.0,4.0,0,1,2018,0.0
252122,1.0,27.0,4.0,0,2,2018,0.0
252123,1.0,27.0,4.0,0,3,2018,0.0
252124,1.0,27.0,4.0,0,4,2018,0.0
252125,1.0,27.0,4.0,1,0,2018,0.0
252126,1.0,27.0,4.0,1,1,2018,0.0
252127,1.0,27.0,4.0,1,2,2018,0.0
252128,1.0,27.0,4.0,1,3,2018,0.0
252129,1.0,27.0,4.0,1,4,2018,0.0
252130,38.0,222.0,62.0,0,0,2018,0.0
252131,38.0,222.0,62.0,0,1,2018,0.0
252132,38.0,222.0,62.0,0,2,2018,0.0
252133,38.0,222.0,62.0,0,3,2018,0.0
252134,38.0,222.0,62.0,0,4,2018,0.0
252135,38.0,222.0,62.0,1,0,2018,0.0
252136,38.0,222.0,62.0,1,1,2018,0.0
252137,38.0,222.0,62.0,1,2,2018,0.0
252138,38.0,222.0,62.0,1,3,2018,0.0
252139,38.0,222.0,62.0,1,4,2018,0.0
252140,33.0,217.0,57.0,0,0,2018,0.0
252141,33.0,217.0,57.0,0,1,2018,0.0
252142,33.0,217.0,57.0,0,2,2018,0.0
252143,33.0,217.0,57.0,0,3,2018,0.0
252144,33.0,217.0,57.0,0,4,2018,0.0
252145,33.0,217.0,57.0,1,0,2018,0.0
252146,33.0,217.0,57.0,1,1,2018,0.0
252147,33.0,217.0,57.0,1,2,2018,0.0
252148,33.0,217.0,57.0,1,3,2018,0.0
252149,33.0,217.0,57.0,1,4,2018,0.0
252150,34.0,218.0,58.0,0,0,2018,790.1750301522136
252151,34.0,218.0,58.0,0,1,2018,929.5366476452667
252152,34.0,218.0,58.0,0,2,2018,790.1750301522136
252153,34.0,218.0,58.0,0,3,2018,572.5345471460322
252154,34.0,218.0,58.0,0,4,2018,1023.6773333559561
252155,34.0,218.0,58.0,1,0,2018,790.1750301522136
252156,34.0,218.0,58.0,1,1,2018,929.5366476452667
252157,34.0,218.0,58.0,1,2,2018,790.1750301522136
252158,34.0,218.0,58.0,1,3,2018,214.72472606717022
252159,34.0,218.0,58.0,1,4,2018,1005.4530233455424
252160,35.0,219.0,59.0,0,0,2018,0.0
252161,35.0,219.0,59.0,0,1,2018,0.0
252162,35.0,219.0,59.0,0,2,2018,0.0
252163,35.0,219.0,59.0,0,3,2018,0.0
252164,35.0,219.0,59.0,0,4,2018,0.0
252165,35.0,219.0,59.0,1,0,2018,0.0
252166,35.0,219.0,59.0,1,1,2018,0.0
252167,35.0,219.0,59.0,1,2,2018,0.0
252168,35.0,219.0,59.0,1,3,2018,0.0
252169,35.0,219.0,59.0,1,4,2018,0.0
252170,29.0,213.0,53.0,0,0,2018,0.0
252171,29.0,213.0,53.0,0,1,2018,0.0
252172,29.0,213.0,53.0,0,2,2018,0.0
252173,29.0,213.0,53.0,0,3,2018,0.0
252174,29.0,213.0,53.0,0,4,2018,0.0
252175,29.0,213.0,53.0,1,0,2018,0.0
252176,29.0,213.0,53.0,1,1,2018,0.0
252177,29.0,213.0,53.0,1,2,2018,0.0
252178,29.0,213.0,53.0,1,3,2018,0.0
252179,29.0,213.0,53.0,1,4,2018,0.0
252180,30.0,214.0,54.0,0,0,2018,0.0
252181,30.0,214.0,54.0,0,1,2018,0.0
252182,30.0,214.0,54.0,0,2,2018,0.0
252183,30.0,214.0,54.0,0,3,2018,0.0
252184,30.0,214.0,54.0,0,4,2018,0.0
252185,30.0,214.0,54.0,1,0,2018,0.0
252186,30.0,214.0,54.0,1,1,2018,0.0
252187,30.0,214.0,54.0,1,2,2018,0.0
252188,30.0,214.0,54.0,1,3,2018,0.0
252189,30.0,214.0,54.0,1,4,2018,0.0
252190,31.0,215.0,55.0,0,0,2018,0.0
252191,31.0,215.0,55.0,0,1,2018,0.0
252192,31.0,215.0,55.0,0,2,2018,0.0
252193,31.0,215.0,55.0,0,3,2018,0.0
252194,31.0,215.0,55.0,0,4,2018,0.0
252195,31.0,215.0,55.0,1,0,2018,0.0
252196,31.0,215.0,55.0,1,1,2018,0.0
252197,31.0,215.0,55.0,1,2,2018,0.0
252198,31.0,215.0,55.0,1,3,2018,0.0
252199,31.0,215.0,55.0,1,4,2018,0.0
252200,25.0,209.0,49.0,0,0,2018,0.0
252201,25.0,209.0,49.0,0,1,2018,0.0
252202,25.0,209.0,49.0,0,2,2018,0.0
252203,25.0,209.0,49.0,0,3,2018,0.0
252204,25.0,209.0,49.0,0,4,2018,0.0
252205,25.0,209.0,49.0,1,0,2018,0.0
252206,25.0,209.0,49.0,1,1,2018,0.0
252207,25.0,209.0,49.0,1,2,2018,0.0
252208,25.0,209.0,49.0,1,3,2018,0.0
252209,25.0,209.0,49.0,1,4,2018,0.0
252210,26.0,210.0,50.0,0,0,2018,0.0
252211,26.0,210.0,50.0,0,1,2018,0.0
252212,26.0,210.0,50.0,0,2,2018,0.0
252213,26.0,210.0,50.0,0,3,2018,0.0
252214,26.0,210.0,50.0,0,4,2018,0.0
252215,26.0,210.0,50.0,1,0,2018,0.0
252216,26.0,210.0,50.0,1,1,2018,0.0
252217,26.0,210.0,50.0,1,2,2018,0.0
252218,26.0,210.0,50.0,1,3,2018,0.0
252219,26.0,210.0,50.0,1,4,2018,0.0
252220,27.0,211.0,51.0,0,0,2018,0.0
252221,27.0,211.0,51.0,0,1,2018,0.0
252222,27.0,211.0,51.0,0,2,2018,0.0
252223,27.0,211.0,51.0,0,3,2018,0.0
252224,27.0,211.0,51.0,0,4,2018,0.0
252225,27.0,211.0,51.0,1,0,2018,0.0
252226,27.0,211.0,51.0,1,1,2018,0.0
252227,27.0,211.0,51.0,1,2,2018,0.0
252228,27.0,211.0,51.0,1,3,2018,0.0
252229,27.0,211.0,51.0,1,4,2018,0.0
252230,28.0,212.0,52.0,0,0,2018,5059.320963146614
252231,28.0,212.0,52.0,0,1,2018,5802.405930072715
252232,28.0,212.0,52.0,0,2,2018,5059.320963146614
252233,28.0,212.0,52.0,0,3,2018,4339.029461014982
252234,28.0,212.0,52.0,0,4,2018,7396.902603641483
252235,28.0,212.0,52.0,1,0,2018,5059.320963146614
252236,28.0,212.0,52.0,1,1,2018,5802.405930072715
252237,28.0,212.0,52.0,1,2,2018,5059.320963146614
252238,28.0,212.0,52.0,1,3,2018,1650.5267460872972
252239,28.0,212.0,52.0,1,4,2018,7726.395734787743
252240,22.0,206.0,46.0,0,0,2018,0.0
252241,22.0,206.0,46.0,0,1,2018,0.0
252242,22.0,206.0,46.0,0,2,2018,0.0
252243,22.0,206.0,46.0,0,3,2018,0.0
252244,22.0,206.0,46.0,0,4,2018,0.0
252245,22.0,206.0,46.0,1,0,2018,0.0
252246,22.0,206.0,46.0,1,1,2018,0.0
252247,22.0,206.0,46.0,1,2,2018,0.0
252248,22.0,206.0,46.0,1,3,2018,0.0
252249,22.0,206.0,46.0,1,4,2018,0.0
252250,32.0,216.0,56.0,0,0,2018,1274.070288145459
252251,32.0,216.0,56.0,0,1,2018,1507.6825472449634
252252,32.0,216.0,56.0,0,2,2018,1274.070288145459
252253,32.0,216.0,56.0,0,3,2018,1093.9264003900219
252254,32.0,216.0,56.0,0,4,2018,1893.8050023097858
252255,32.0,216.0,56.0,1,0,2018,1274.070288145459
252256,32.0,216.0,56.0,1,1,2018,1507.6825472449634
252257,32.0,216.0,56.0,1,2,2018,1274.070288145459
252258,32.0,216.0,56.0,1,3,2018,414.2040544571847
252259,32.0,216.0,56.0,1,4,2018,1938.2484547077856
252260,23.0,207.0,47.0,0,0,2018,0.0
252261,23.0,207.0,47.0,0,1,2018,0.0
252262,23.0,207.0,47.0,0,2,2018,0.0
252263,23.0,207.0,47.0,0,3,2018,0.0
252264,23.0,207.0,47.0,0,4,2018,0.0
252265,23.0,207.0,47.0,1,0,2018,0.0
252266,23.0,207.0,47.0,1,1,2018,0.0
252267,23.0,207.0,47.0,1,2,2018,0.0
252268,23.0,207.0,47.0,1,3,2018,0.0
252269,23.0,207.0,47.0,1,4,2018,0.0
252270,1.0,26.0,4.0,0,0,2018,0.0
252271,1.0,26.0,4.0,0,1,2018,0.0
252272,1.0,26.0,4.0,0,2,2018,0.0
252273,1.0,26.0,4.0,0,3,2018,0.0
252274,1.0,26.0,4.0,0,4,2018,0.0
252275,1.0,26.0,4.0,1,0,2018,0.0
252276,1.0,26.0,4.0,1,1,2018,0.0
252277,1.0,26.0,4.0,1,2,2018,0.0
252278,1.0,26.0,4.0,1,3,2018,0.0
252279,1.0,26.0,4.0,1,4,2018,0.0
252280,1.0,24.0,4.0,0,0,2018,0.0
252281,1.0,24.0,4.0,0,1,2018,0.0
252282,1.0,24.0,4.0,0,2,2018,0.0
252283,1.0,24.0,4.0,0,3,2018,0.0
252284,1.0,24.0,4.0,0,4,2018,0.0
252285,1.0,24.0,4.0,1,0,2018,0.0
252286,1.0,24.0,4.0,1,1,2018,0.0
252287,1.0,24.0,4.0,1,2,2018,0.0
252288,1.0,24.0,4.0,1,3,2018,0.0
252289,1.0,24.0,4.0,1,4,2018,0.0
252290,16.0,200.0,40.0,0,0,2018,35936.930347832094
252291,16.0,200.0,40.0,0,1,2018,28693.91950375713
252292,16.0,200.0,40.0,0,2,2018,35936.930347832094
252293,16.0,200.0,40.0,0,3,2018,9372.910902142065
252294,16.0,200.0,40.0,0,4,2018,19070.02115698549
252295,16.0,200.0,40.0,1,0,2018,35936.930347832094
252296,16.0,200.0,40.0,1,1,2018,28693.91950375713
252297,16.0,200.0,40.0,1,2,2018,35936.930347832094
252298,16.0,200.0,40.0,1,3,2018,3084.100712086142
252299,16.0,200.0,40.0,1,4,2018,15502.632232378435
252300,1.0,1.0,1.0,0,0,2018,0.0
252301,1.0,1.0,1.0,0,1,2018,0.0
252302,1.0,1.0,1.0,0,2,2018,0.0
252303,1.0,1.0,1.0,0,3,2018,0.0
252304,1.0,1.0,1.0,0,4,2018,0.0
252305,1.0,1.0,1.0,1,0,2018,0.0
252306,1.0,1.0,1.0,1,1,2018,0.0
252307,1.0,1.0,1.0,1,2,2018,0.0
252308,1.0,1.0,1.0,1,3,2018,0.0
252309,1.0,1.0,1.0,1,4,2018,0.0
252310,1.0,2.0,2.0,0,0,2018,0.0
252311,1.0,2.0,2.0,0,1,2018,0.0
252312,1.0,2.0,2.0,0,2,2018,0.0
252313,1.0,2.0,2.0,0,3,2018,0.0
252314,1.0,2.0,2.0,0,4,2018,0.0
252315,1.0,2.0,2.0,1,0,2018,0.0
252316,1.0,2.0,2.0,1,1,2018,0.0
252317,1.0,2.0,2.0,1,2,2018,0.0
252318,1.0,2.0,2.0,1,3,2018,0.0
252319,1.0,2.0,2.0,1,4,2018,0.0
252320,1.0,3.0,2.0,0,0,2018,0.0
252321,1.0,3.0,2.0,0,1,2018,0.0
252322,1.0,3.0,2.0,0,2,2018,0.0
252323,1.0,3.0,2.0,0,3,2018,0.0
252324,1.0,3.0,2.0,0,4,2018,0.0
252325,1.0,3.0,2.0,1,0,2018,0.0
252326,1.0,3.0,2.0,1,1,2018,0.0
252327,1.0,3.0,2.0,1,2,2018,0.0
252328,1.0,3.0,2.0,1,3,2018,0.0
252329,1.0,3.0,2.0,1,4,2018,0.0
252330,1.0,4.0,2.0,0,0,2018,0.0
252331,1.0,4.0,2.0,0,1,2018,0.0
252332,1.0,4.0,2.0,0,2,2018,0.0
252333,1.0,4.0,2.0,0,3,2018,0.0
252334,1.0,4.0,2.0,0,4,2018,0.0
252335,1.0,4.0,2.0,1,0,2018,0.0
252336,1.0,4.0,2.0,1,1,2018,0.0
252337,1.0,4.0,2.0,1,2,2018,0.0
252338,1.0,4.0,2.0,1,3,2018,0.0
252339,1.0,4.0,2.0,1,4,2018,0.0
252340,1.0,5.0,2.0,0,0,2018,0.0
252341,1.0,5.0,2.0,0,1,2018,0.0
252342,1.0,5.0,2.0,0,2,2018,0.0
252343,1.0,5.0,2.0,0,3,2018,0.0
252344,1.0,5.0,2.0,0,4,2018,0.0
252345,1.0,5.0,2.0,1,0,2018,0.0
252346,1.0,5.0,2.0,1,1,2018,0.0
252347,1.0,5.0,2.0,1,2,2018,0.0
252348,1.0,5.0,2.0,1,3,2018,0.0
252349,1.0,5.0,2.0,1,4,2018,0.0
252350,1.0,6.0,2.0,0,0,2018,0.0
252351,1.0,6.0,2.0,0,1,2018,0.0
252352,1.0,6.0,2.0,0,2,2018,0.0
252353,1.0,6.0,2.0,0,3,2018,0.0
252354,1.0,6.0,2.0,0,4,2018,0.0
252355,1.0,6.0,2.0,1,0,2018,0.0
252356,1.0,6.0,2.0,1,1,2018,0.0
252357,1.0,6.0,2.0,1,2,2018,0.0
252358,1.0,6.0,2.0,1,3,2018,0.0
252359,1.0,6.0,2.0,1,4,2018,0.0
252360,1.0,7.0,2.0,0,0,2018,0.0
252361,1.0,7.0,2.0,0,1,2018,0.0
252362,1.0,7.0,2.0,0,2,2018,0.0
252363,1.0,7.0,2.0,0,3,2018,0.0
252364,1.0,7.0,2.0,0,4,2018,0.0
252365,1.0,7.0,2.0,1,0,2018,0.0
252366,1.0,7.0,2.0,1,1,2018,0.0
252367,1.0,7.0,2.0,1,2,2018,0.0
252368,1.0,7.0,2.0,1,3,2018,0.0
252369,1.0,7.0,2.0,1,4,2018,0.0
252370,1.0,8.0,2.0,0,0,2018,0.0
252371,1.0,8.0,2.0,0,1,2018,0.0
252372,1.0,8.0,2.0,0,2,2018,0.0
252373,1.0,8.0,2.0,0,3,2018,0.0
252374,1.0,8.0,2.0,0,4,2018,0.0
252375,1.0,8.0,2.0,1,0,2018,0.0
252376,1.0,8.0,2.0,1,1,2018,0.0
252377,1.0,8.0,2.0,1,2,2018,0.0
252378,1.0,8.0,2.0,1,3,2018,0.0
252379,1.0,8.0,2.0,1,4,2018,0.0
252380,1.0,9.0,2.0,0,0,2018,0.0
252381,1.0,9.0,2.0,0,1,2018,0.0
252382,1.0,9.0,2.0,0,2,2018,0.0
252383,1.0,9.0,2.0,0,3,2018,0.0
252384,1.0,9.0,2.0,0,4,2018,0.0
252385,1.0,9.0,2.0,1,0,2018,0.0
252386,1.0,9.0,2.0,1,1,2018,0.0
252387,1.0,9.0,2.0,1,2,2018,0.0
252388,1.0,9.0,2.0,1,3,2018,0.0
252389,1.0,9.0,2.0,1,4,2018,0.0
252390,1.0,10.0,2.0,0,0,2018,0.0
252391,1.0,10.0,2.0,0,1,2018,0.0
252392,1.0,10.0,2.0,0,2,2018,0.0
252393,1.0,10.0,2.0,0,3,2018,0.0
252394,1.0,10.0,2.0,0,4,2018,0.0
252395,1.0,10.0,2.0,1,0,2018,0.0
252396,1.0,10.0,2.0,1,1,2018,0.0
252397,1.0,10.0,2.0,1,2,2018,0.0
252398,1.0,10.0,2.0,1,3,2018,0.0
252399,1.0,10.0,2.0,1,4,2018,0.0
252400,1.0,25.0,4.0,0,0,2018,0.0
252401,1.0,25.0,4.0,0,1,2018,0.0
252402,1.0,25.0,4.0,0,2,2018,0.0
252403,1.0,25.0,4.0,0,3,2018,0.0
252404,1.0,25.0,4.0,0,4,2018,0.0
252405,1.0,25.0,4.0,1,0,2018,0.0
252406,1.0,25.0,4.0,1,1,2018,0.0
252407,1.0,25.0,4.0,1,2,2018,0.0
252408,1.0,25.0,4.0,1,3,2018,0.0
252409,1.0,25.0,4.0,1,4,2018,0.0
252410,1.0,11.0,2.0,0,0,2018,0.0
252411,1.0,11.0,2.0,0,1,2018,0.0
252412,1.0,11.0,2.0,0,2,2018,0.0
252413,1.0,11.0,2.0,0,3,2018,0.0
252414,1.0,11.0,2.0,0,4,2018,0.0
252415,1.0,11.0,2.0,1,0,2018,0.0
252416,1.0,11.0,2.0,1,1,2018,0.0
252417,1.0,11.0,2.0,1,2,2018,0.0
252418,1.0,11.0,2.0,1,3,2018,0.0
252419,1.0,11.0,2.0,1,4,2018,0.0
252420,1.0,13.0,3.0,0,0,2018,0.0
252421,1.0,13.0,3.0,0,1,2018,0.0
252422,1.0,13.0,3.0,0,2,2018,0.0
252423,1.0,13.0,3.0,0,3,2018,0.0
252424,1.0,13.0,3.0,0,4,2018,0.0
252425,1.0,13.0,3.0,1,0,2018,0.0
252426,1.0,13.0,3.0,1,1,2018,0.0
252427,1.0,13.0,3.0,1,2,2018,0.0
252428,1.0,13.0,3.0,1,3,2018,0.0
252429,1.0,13.0,3.0,1,4,2018,0.0
252430,1.0,14.0,3.0,0,0,2018,0.0
252431,1.0,14.0,3.0,0,1,2018,0.0
252432,1.0,14.0,3.0,0,2,2018,0.0
252433,1.0,14.0,3.0,0,3,2018,0.0
252434,1.0,14.0,3.0,0,4,2018,0.0
252435,1.0,14.0,3.0,1,0,2018,0.0
252436,1.0,14.0,3.0,1,1,2018,0.0
252437,1.0,14.0,3.0,1,2,2018,0.0
252438,1.0,14.0,3.0,1,3,2018,0.0
252439,1.0,14.0,3.0,1,4,2018,0.0
252440,1.0,15.0,3.0,0,0,2018,0.0
252441,1.0,15.0,3.0,0,1,2018,0.0
252442,1.0,15.0,3.0,0,2,2018,0.0
252443,1.0,15.0,3.0,0,3,2018,0.0
252444,1.0,15.0,3.0,0,4,2018,0.0
252445,1.0,15.0,3.0,1,0,2018,0.0
252446,1.0,15.0,3.0,1,1,2018,0.0
252447,1.0,15.0,3.0,1,2,2018,0.0
252448,1.0,15.0,3.0,1,3,2018,0.0
252449,1.0,15.0,3.0,1,4,2018,0.0
252450,1.0,16.0,3.0,0,0,2018,0.0
252451,1.0,16.0,3.0,0,1,2018,0.0
252452,1.0,16.0,3.0,0,2,2018,0.0
252453,1.0,16.0,3.0,0,3,2018,0.0
252454,1.0,16.0,3.0,0,4,2018,0.0
252455,1.0,16.0,3.0,1,0,2018,0.0
252456,1.0,16.0,3.0,1,1,2018,0.0
252457,1.0,16.0,3.0,1,2,2018,0.0
252458,1.0,16.0,3.0,1,3,2018,0.0
252459,1.0,16.0,3.0,1,4,2018,0.0
252460,1.0,17.0,3.0,0,0,2018,0.0
252461,1.0,17.0,3.0,0,1,2018,0.0
252462,1.0,17.0,3.0,0,2,2018,0.0
252463,1.0,17.0,3.0,0,3,2018,0.0
252464,1.0,17.0,3.0,0,4,2018,0.0
252465,1.0,17.0,3.0,1,0,2018,0.0
252466,1.0,17.0,3.0,1,1,2018,0.0
252467,1.0,17.0,3.0,1,2,2018,0.0
252468,1.0,17.0,3.0,1,3,2018,0.0
252469,1.0,17.0,3.0,1,4,2018,0.0
252470,1.0,18.0,3.0,0,0,2018,0.0
252471,1.0,18.0,3.0,0,1,2018,0.0
252472,1.0,18.0,3.0,0,2,2018,0.0
252473,1.0,18.0,3.0,0,3,2018,0.0
252474,1.0,18.0,3.0,0,4,2018,0.0
252475,1.0,18.0,3.0,1,0,2018,0.0
252476,1.0,18.0,3.0,1,1,2018,0.0
252477,1.0,18.0,3.0,1,2,2018,0.0
252478,1.0,18.0,3.0,1,3,2018,0.0
252479,1.0,18.0,3.0,1,4,2018,0.0
252480,1.0,19.0,3.0,0,0,2018,0.0
252481,1.0,19.0,3.0,0,1,2018,0.0
252482,1.0,19.0,3.0,0,2,2018,0.0
252483,1.0,19.0,3.0,0,3,2018,0.0
252484,1.0,19.0,3.0,0,4,2018,0.0
252485,1.0,19.0,3.0,1,0,2018,0.0
252486,1.0,19.0,3.0,1,1,2018,0.0
252487,1.0,19.0,3.0,1,2,2018,0.0
252488,1.0,19.0,3.0,1,3,2018,0.0
252489,1.0,19.0,3.0,1,4,2018,0.0
252490,1.0,20.0,3.0,0,0,2018,0.0
252491,1.0,20.0,3.0,0,1,2018,0.0
252492,1.0,20.0,3.0,0,2,2018,0.0
252493,1.0,20.0,3.0,0,3,2018,0.0
252494,1.0,20.0,3.0,0,4,2018,0.0
252495,1.0,20.0,3.0,1,0,2018,0.0
252496,1.0,20.0,3.0,1,1,2018,0.0
252497,1.0,20.0,3.0,1,2,2018,0.0
252498,1.0,20.0,3.0,1,3,2018,0.0
252499,1.0,20.0,3.0,1,4,2018,0.0
252500,1.0,21.0,3.0,0,0,2018,0.0
252501,1.0,21.0,3.0,0,1,2018,0.0
252502,1.0,21.0,3.0,0,2,2018,0.0
252503,1.0,21.0,3.0,0,3,2018,0.0
252504,1.0,21.0,3.0,0,4,2018,0.0
252505,1.0,21.0,3.0,1,0,2018,0.0
252506,1.0,21.0,3.0,1,1,2018,0.0
252507,1.0,21.0,3.0,1,2,2018,0.0
252508,1.0,21.0,3.0,1,3,2018,0.0
252509,1.0,21.0,3.0,1,4,2018,0.0
252510,1.0,22.0,3.0,0,0,2018,0.0
252511,1.0,22.0,3.0,0,1,2018,0.0
252512,1.0,22.0,3.0,0,2,2018,0.0
252513,1.0,22.0,3.0,0,3,2018,0.0
252514,1.0,22.0,3.0,0,4,2018,0.0
252515,1.0,22.0,3.0,1,0,2018,0.0
252516,1.0,22.0,3.0,1,1,2018,0.0
252517,1.0,22.0,3.0,1,2,2018,0.0
252518,1.0,22.0,3.0,1,3,2018,0.0
252519,1.0,22.0,3.0,1,4,2018,0.0
252520,1.0,23.0,3.0,0,0,2018,0.0
252521,1.0,23.0,3.0,0,1,2018,0.0
252522,1.0,23.0,3.0,0,2,2018,0.0
252523,1.0,23.0,3.0,0,3,2018,0.0
252524,1.0,23.0,3.0,0,4,2018,0.0
252525,1.0,23.0,3.0,1,0,2018,0.0
252526,1.0,23.0,3.0,1,1,2018,0.0
252527,1.0,23.0,3.0,1,2,2018,0.0
252528,1.0,23.0,3.0,1,3,2018,0.0
252529,1.0,23.0,3.0,1,4,2018,0.0
252530,1.0,12.0,2.0,0,0,2018,0.0
252531,1.0,12.0,2.0,0,1,2018,0.0
252532,1.0,12.0,2.0,0,2,2018,0.0
252533,1.0,12.0,2.0,0,3,2018,0.0
252534,1.0,12.0,2.0,0,4,2018,0.0
252535,1.0,12.0,2.0,1,0,2018,0.0
252536,1.0,12.0,2.0,1,1,2018,0.0
252537,1.0,12.0,2.0,1,2,2018,0.0
252538,1.0,12.0,2.0,1,3,2018,0.0
252539,1.0,12.0,2.0,1,4,2018,0.0
252540,24.0,208.0,48.0,0,0,2018,0.0
252541,24.0,208.0,48.0,0,1,2018,0.0
252542,24.0,208.0,48.0,0,2,2018,0.0
252543,24.0,208.0,48.0,0,3,2018,0.0
252544,24.0,208.0,48.0,0,4,2018,0.0
252545,24.0,208.0,48.0,1,0,2018,0.0
252546,24.0,208.0,48.0,1,1,2018,0.0
252547,24.0,208.0,48.0,1,2,2018,0.0
252548,24.0,208.0,48.0,1,3,2018,0.0
252549,24.0,208.0,48.0,1,4,2018,0.0
252550,18.0,202.0,42.0,0,0,2018,0.0
252551,18.0,202.0,42.0,0,1,2018,0.0
252552,18.0,202.0,42.0,0,2,2018,0.0
252553,18.0,202.0,42.0,0,3,2018,0.0
252554,18.0,202.0,42.0,0,4,2018,0.0
252555,18.0,202.0,42.0,1,0,2018,0.0
252556,18.0,202.0,42.0,1,1,2018,0.0
252557,18.0,202.0,42.0,1,2,2018,0.0
252558,18.0,202.0,42.0,1,3,2018,0.0
252559,18.0,202.0,42.0,1,4,2018,0.0
252560,19.0,203.0,43.0,0,0,2018,0.0
252561,19.0,203.0,43.0,0,1,2018,0.0
252562,19.0,203.0,43.0,0,2,2018,0.0
252563,19.0,203.0,43.0,0,3,2018,0.0
252564,19.0,203.0,43.0,0,4,2018,0.0
252565,19.0,203.0,43.0,1,0,2018,0.0
252566,19.0,203.0,43.0,1,1,2018,0.0
252567,19.0,203.0,43.0,1,2,2018,0.0
252568,19.0,203.0,43.0,1,3,2018,0.0
252569,19.0,203.0,43.0,1,4,2018,0.0
252570,2.0,63.0,10.0,0,0,2018,0.0
252571,2.0,63.0,10.0,0,1,2018,0.0
252572,2.0,63.0,10.0,0,2,2018,0.0
252573,2.0,63.0,10.0,0,3,2018,0.0
252574,2.0,63.0,10.0,0,4,2018,0.0
252575,2.0,63.0,10.0,1,0,2018,0.0
252576,2.0,63.0,10.0,1,1,2018,0.0
252577,2.0,63.0,10.0,1,2,2018,0.0
252578,2.0,63.0,10.0,1,3,2018,0.0
252579,2.0,63.0,10.0,1,4,2018,0.0
252580,2.0,64.0,10.0,0,0,2018,127.48209128169066
252581,2.0,64.0,10.0,0,1,2018,128.1653405834199
252582,2.0,64.0,10.0,0,2,2018,127.48209128169066
252583,2.0,64.0,10.0,0,3,2018,96.70706117106376
252584,2.0,64.0,10.0,0,4,2018,148.30840030076428
252585,2.0,64.0,10.0,1,0,2018,127.48209128169066
252586,2.0,64.0,10.0,1,1,2018,128.1653405834199
252587,2.0,64.0,10.0,1,2,2018,127.48209128169066
252588,2.0,64.0,10.0,1,3,2018,50.71493495463761
252589,2.0,64.0,10.0,1,4,2018,191.32454415787967
252590,2.0,65.0,10.0,0,0,2018,357.5468018791076
252591,2.0,65.0,10.0,0,1,2018,402.8629757374864
252592,2.0,65.0,10.0,0,2,2018,357.5468018791076
252593,2.0,65.0,10.0,0,3,2018,297.69518977645004
252594,2.0,65.0,10.0,0,4,2018,510.4139908604489
252595,2.0,65.0,10.0,1,0,2018,357.5468018791076
252596,2.0,65.0,10.0,1,1,2018,402.8629757374864
252597,2.0,65.0,10.0,1,2,2018,357.5468018791076
252598,2.0,65.0,10.0,1,3,2018,109.30885524962014
252599,2.0,65.0,10.0,1,4,2018,525.2441417942703
252600,2.0,66.0,10.0,0,0,2018,2949.6433320321294
252601,2.0,66.0,10.0,0,1,2018,3118.450052360932
252602,2.0,66.0,10.0,0,2,2018,2949.6433320321294
252603,2.0,66.0,10.0,0,3,2018,1835.9709207534686
252604,2.0,66.0,10.0,0,4,2018,3347.339459056695
252605,2.0,66.0,10.0,1,0,2018,2949.6433320321294
252606,2.0,66.0,10.0,1,1,2018,3118.450052360932
252607,2.0,66.0,10.0,1,2,2018,2949.6433320321294
252608,2.0,66.0,10.0,1,3,2018,630.5856450473281
252609,2.0,66.0,10.0,1,4,2018,3142.777980185431
252610,2.0,67.0,10.0,0,0,2018,97.68281570584224
252611,2.0,67.0,10.0,0,1,2018,107.46140891332998
252612,2.0,67.0,10.0,0,2,2018,97.68281570584224
252613,2.0,67.0,10.0,0,3,2018,76.70210415330952
252614,2.0,67.0,10.0,0,4,2018,129.92322147617125
252615,2.0,67.0,10.0,1,0,2018,97.68281570584224
252616,2.0,67.0,10.0,1,1,2018,107.46140891332998
252617,2.0,67.0,10.0,1,2,2018,97.68281570584224
252618,2.0,67.0,10.0,1,3,2018,29.947413774142557
252619,2.0,67.0,10.0,1,4,2018,137.76720545341868
252620,2.0,68.0,10.0,0,0,2018,4429.559659838299
252621,2.0,68.0,10.0,0,1,2018,4670.394253154018
252622,2.0,68.0,10.0,0,2,2018,4429.559659838299
252623,2.0,68.0,10.0,0,3,2018,2644.5524819918915
252624,2.0,68.0,10.0,0,4,2018,4905.863563197419
252625,2.0,68.0,10.0,1,0,2018,4429.559659838299
252626,2.0,68.0,10.0,1,1,2018,4670.394253154018
252627,2.0,68.0,10.0,1,2,2018,4429.559659838299
252628,2.0,68.0,10.0,1,3,2018,876.9744604337405
252629,2.0,68.0,10.0,1,4,2018,4471.220533811144
252630,2.0,69.0,10.0,0,0,2018,634.2423854515123
252631,2.0,69.0,10.0,0,1,2018,698.494430417056
252632,2.0,69.0,10.0,0,2,2018,634.2423854515123
252633,2.0,69.0,10.0,0,3,2018,476.87734425946195
252634,2.0,69.0,10.0,0,4,2018,822.9635821822529
252635,2.0,69.0,10.0,1,0,2018,634.2423854515123
252636,2.0,69.0,10.0,1,1,2018,698.494430417056
252637,2.0,69.0,10.0,1,2,2018,634.2423854515123
252638,2.0,69.0,10.0,1,3,2018,179.49121269317598
252639,2.0,69.0,10.0,1,4,2018,845.398945507779
252640,2.0,70.0,10.0,0,0,2018,1714.52050137171
252641,2.0,70.0,10.0,0,1,2018,1782.281670236093
252642,2.0,70.0,10.0,0,2,2018,1714.52050137171
252643,2.0,70.0,10.0,0,3,2018,1060.146630495476
252644,2.0,70.0,10.0,0,4,2018,1905.6750174862661
252645,2.0,70.0,10.0,1,0,2018,1714.52050137171
252646,2.0,70.0,10.0,1,1,2018,1782.281670236093
252647,2.0,70.0,10.0,1,2,2018,1714.52050137171
252648,2.0,70.0,10.0,1,3,2018,376.4813070416796
252649,2.0,70.0,10.0,1,4,2018,1835.988877210293
252650,2.0,71.0,11.0,0,0,2018,0.0
252651,2.0,71.0,11.0,0,1,2018,0.0
252652,2.0,71.0,11.0,0,2,2018,0.0
252653,2.0,71.0,11.0,0,3,2018,0.0
252654,2.0,71.0,11.0,0,4,2018,0.0
252655,2.0,71.0,11.0,1,0,2018,0.0
252656,2.0,71.0,11.0,1,1,2018,0.0
252657,2.0,71.0,11.0,1,2,2018,0.0
252658,2.0,71.0,11.0,1,3,2018,0.0
252659,2.0,71.0,11.0,1,4,2018,0.0
252660,2.0,72.0,11.0,0,0,2018,0.0
252661,2.0,72.0,11.0,0,1,2018,0.0
252662,2.0,72.0,11.0,0,2,2018,0.0
252663,2.0,72.0,11.0,0,3,2018,0.0
252664,2.0,72.0,11.0,0,4,2018,0.0
252665,2.0,72.0,11.0,1,0,2018,0.0
252666,2.0,72.0,11.0,1,1,2018,0.0
252667,2.0,72.0,11.0,1,2,2018,0.0
252668,2.0,72.0,11.0,1,3,2018,0.0
252669,2.0,72.0,11.0,1,4,2018,0.0
252670,2.0,73.0,11.0,0,0,2018,0.0
252671,2.0,73.0,11.0,0,1,2018,0.0
252672,2.0,73.0,11.0,0,2,2018,0.0
252673,2.0,73.0,11.0,0,3,2018,0.0
252674,2.0,73.0,11.0,0,4,2018,0.0
252675,2.0,73.0,11.0,1,0,2018,0.0
252676,2.0,73.0,11.0,1,1,2018,0.0
252677,2.0,73.0,11.0,1,2,2018,0.0
252678,2.0,73.0,11.0,1,3,2018,0.0
252679,2.0,73.0,11.0,1,4,2018,0.0
252680,2.0,62.0,10.0,0,0,2018,4319.973657935365
252681,2.0,62.0,10.0,0,1,2018,4784.457169440917
252682,2.0,62.0,10.0,0,2,2018,4319.973657935365
252683,2.0,62.0,10.0,0,3,2018,3169.3458359202223
252684,2.0,62.0,10.0,0,4,2018,5562.627063518256
252685,2.0,62.0,10.0,1,0,2018,4319.973657935365
252686,2.0,62.0,10.0,1,1,2018,4784.457169440917
252687,2.0,62.0,10.0,1,2,2018,4319.973657935365
252688,2.0,62.0,10.0,1,3,2018,1164.1651698840906
252689,2.0,62.0,10.0,1,4,2018,5559.972480996796
252690,2.0,74.0,11.0,0,0,2018,0.0
252691,2.0,74.0,11.0,0,1,2018,0.0
252692,2.0,74.0,11.0,0,2,2018,0.0
252693,2.0,74.0,11.0,0,3,2018,0.0
252694,2.0,74.0,11.0,0,4,2018,0.0
252695,2.0,74.0,11.0,1,0,2018,0.0
252696,2.0,74.0,11.0,1,1,2018,0.0
252697,2.0,74.0,11.0,1,2,2018,0.0
252698,2.0,74.0,11.0,1,3,2018,0.0
252699,2.0,74.0,11.0,1,4,2018,0.0
252700,2.0,76.0,11.0,0,0,2018,0.0
252701,2.0,76.0,11.0,0,1,2018,0.0
252702,2.0,76.0,11.0,0,2,2018,0.0
252703,2.0,76.0,11.0,0,3,2018,0.0
252704,2.0,76.0,11.0,0,4,2018,0.0
252705,2.0,76.0,11.0,1,0,2018,0.0
252706,2.0,76.0,11.0,1,1,2018,0.0
252707,2.0,76.0,11.0,1,2,2018,0.0
252708,2.0,76.0,11.0,1,3,2018,0.0
252709,2.0,76.0,11.0,1,4,2018,0.0
252710,2.0,77.0,11.0,0,0,2018,0.0
252711,2.0,77.0,11.0,0,1,2018,0.0
252712,2.0,77.0,11.0,0,2,2018,0.0
252713,2.0,77.0,11.0,0,3,2018,0.0
252714,2.0,77.0,11.0,0,4,2018,0.0
252715,2.0,77.0,11.0,1,0,2018,0.0
252716,2.0,77.0,11.0,1,1,2018,0.0
252717,2.0,77.0,11.0,1,2,2018,0.0
252718,2.0,77.0,11.0,1,3,2018,0.0
252719,2.0,77.0,11.0,1,4,2018,0.0
252720,2.0,78.0,11.0,0,0,2018,0.0
252721,2.0,78.0,11.0,0,1,2018,0.0
252722,2.0,78.0,11.0,0,2,2018,0.0
252723,2.0,78.0,11.0,0,3,2018,0.0
252724,2.0,78.0,11.0,0,4,2018,0.0
252725,2.0,78.0,11.0,1,0,2018,0.0
252726,2.0,78.0,11.0,1,1,2018,0.0
252727,2.0,78.0,11.0,1,2,2018,0.0
252728,2.0,78.0,11.0,1,3,2018,0.0
252729,2.0,78.0,11.0,1,4,2018,0.0
252730,2.0,79.0,11.0,0,0,2018,0.0
252731,2.0,79.0,11.0,0,1,2018,0.0
252732,2.0,79.0,11.0,0,2,2018,0.0
252733,2.0,79.0,11.0,0,3,2018,0.0
252734,2.0,79.0,11.0,0,4,2018,0.0
252735,2.0,79.0,11.0,1,0,2018,0.0
252736,2.0,79.0,11.0,1,1,2018,0.0
252737,2.0,79.0,11.0,1,2,2018,0.0
252738,2.0,79.0,11.0,1,3,2018,0.0
252739,2.0,79.0,11.0,1,4,2018,0.0
252740,2.0,80.0,11.0,0,0,2018,0.0
252741,2.0,80.0,11.0,0,1,2018,0.0
252742,2.0,80.0,11.0,0,2,2018,0.0
252743,2.0,80.0,11.0,0,3,2018,0.0
252744,2.0,80.0,11.0,0,4,2018,0.0
252745,2.0,80.0,11.0,1,0,2018,0.0
252746,2.0,80.0,11.0,1,1,2018,0.0
252747,2.0,80.0,11.0,1,2,2018,0.0
252748,2.0,80.0,11.0,1,3,2018,0.0
252749,2.0,80.0,11.0,1,4,2018,0.0
252750,2.0,81.0,11.0,0,0,2018,0.0
252751,2.0,81.0,11.0,0,1,2018,0.0
252752,2.0,81.0,11.0,0,2,2018,0.0
252753,2.0,81.0,11.0,0,3,2018,0.0
252754,2.0,81.0,11.0,0,4,2018,0.0
252755,2.0,81.0,11.0,1,0,2018,0.0
252756,2.0,81.0,11.0,1,1,2018,0.0
252757,2.0,81.0,11.0,1,2,2018,0.0
252758,2.0,81.0,11.0,1,3,2018,0.0
252759,2.0,81.0,11.0,1,4,2018,0.0
252760,2.0,82.0,12.0,0,0,2018,19064.188200997134
252761,2.0,82.0,12.0,0,1,2018,20598.422837812508
252762,2.0,82.0,12.0,0,2,2018,19064.188200997134
252763,2.0,82.0,12.0,0,3,2018,13900.64642277941
252764,2.0,82.0,12.0,0,4,2018,24121.838739986786
252765,2.0,82.0,12.0,1,0,2018,19064.188200997134
252766,2.0,82.0,12.0,1,1,2018,20598.422837812508
252767,2.0,82.0,12.0,1,2,2018,19064.188200997134
252768,2.0,82.0,12.0,1,3,2018,5201.231682119575
252769,2.0,82.0,12.0,1,4,2018,24565.128838724544
252770,2.0,83.0,13.0,0,0,2018,8271.724236395354
252771,2.0,83.0,13.0,0,1,2018,8519.376536358022
252772,2.0,83.0,13.0,0,2,2018,8271.724236395354
252773,2.0,83.0,13.0,0,3,2018,4593.946266483417
252774,2.0,83.0,13.0,0,4,2018,8625.191311771372
252775,2.0,83.0,13.0,1,0,2018,8271.724236395354
252776,2.0,83.0,13.0,1,1,2018,8519.376536358022
252777,2.0,83.0,13.0,1,2,2018,8271.724236395354
252778,2.0,83.0,13.0,1,3,2018,1498.2253030410595
252779,2.0,83.0,13.0,1,4,2018,7715.367946178746
252780,2.0,84.0,13.0,0,0,2018,1172.1900191155023
252781,2.0,84.0,13.0,0,1,2018,1231.3467975467304
252782,2.0,84.0,13.0,0,2,2018,1172.1900191155023
252783,2.0,84.0,13.0,0,3,2018,716.8963658849067
252784,2.0,84.0,13.0,0,4,2018,1302.0278560061774
252785,2.0,84.0,13.0,1,0,2018,1172.1900191155023
252786,2.0,84.0,13.0,1,1,2018,1231.3467975467304
252787,2.0,84.0,13.0,1,2,2018,1172.1900191155023
252788,2.0,84.0,13.0,1,3,2018,253.3517873322364
252789,2.0,84.0,13.0,1,4,2018,1236.3941762444476
252790,2.0,85.0,13.0,0,0,2018,9851.30297496443
252791,2.0,85.0,13.0,0,1,2018,10858.72764837044
252792,2.0,85.0,13.0,0,2,2018,9851.30297496443
252793,2.0,85.0,13.0,0,3,2018,6985.080833536947
252794,2.0,85.0,13.0,0,4,2018,12404.635553024991
252795,2.0,85.0,13.0,1,0,2018,9851.30297496443
252796,2.0,85.0,13.0,1,1,2018,10858.72764837044
252797,2.0,85.0,13.0,1,2,2018,9851.30297496443
252798,2.0,85.0,13.0,1,3,2018,2516.260282797195
252799,2.0,85.0,13.0,1,4,2018,12162.719761779632
252800,2.0,86.0,13.0,0,0,2018,2043.3701336273607
252801,2.0,86.0,13.0,0,1,2018,2222.944786171259
252802,2.0,86.0,13.0,0,2,2018,2043.3701336273607
252803,2.0,86.0,13.0,0,3,2018,1452.365844077168
252804,2.0,86.0,13.0,0,4,2018,2556.4610814675066
252805,2.0,86.0,13.0,1,0,2018,2043.3701336273607
252806,2.0,86.0,13.0,1,1,2018,2222.944786171259
252807,2.0,86.0,13.0,1,2,2018,2043.3701336273607
252808,2.0,86.0,13.0,1,3,2018,523.8426424245057
252809,2.0,86.0,13.0,1,4,2018,2536.8359655521294
252810,2.0,75.0,11.0,0,0,2018,0.0
252811,2.0,75.0,11.0,0,1,2018,0.0
252812,2.0,75.0,11.0,0,2,2018,0.0
252813,2.0,75.0,11.0,0,3,2018,0.0
252814,2.0,75.0,11.0,0,4,2018,0.0
252815,2.0,75.0,11.0,1,0,2018,0.0
252816,2.0,75.0,11.0,1,1,2018,0.0
252817,2.0,75.0,11.0,1,2,2018,0.0
252818,2.0,75.0,11.0,1,3,2018,0.0
252819,2.0,75.0,11.0,1,4,2018,0.0
252820,2.0,61.0,10.0,0,0,2018,1285.283065818871
252821,2.0,61.0,10.0,0,1,2018,1334.5721561206906
252822,2.0,61.0,10.0,0,2,2018,1285.283065818871
252823,2.0,61.0,10.0,0,3,2018,836.0955279879587
252824,2.0,61.0,10.0,0,4,2018,1464.5418093672472
252825,2.0,61.0,10.0,1,0,2018,1285.283065818871
252826,2.0,61.0,10.0,1,1,2018,1334.5721561206906
252827,2.0,61.0,10.0,1,2,2018,1285.283065818871
252828,2.0,61.0,10.0,1,3,2018,311.47798179888343
252829,2.0,61.0,10.0,1,4,2018,1474.3101329508947
252830,2.0,60.0,10.0,0,0,2018,1330.0772561398169
252831,2.0,60.0,10.0,0,1,2018,1355.3803221059013
252832,2.0,60.0,10.0,0,2,2018,1330.0772561398169
252833,2.0,60.0,10.0,0,3,2018,760.4987945011738
252834,2.0,60.0,10.0,0,4,2018,1406.8436740725922
252835,2.0,60.0,10.0,1,0,2018,1330.0772561398169
252836,2.0,60.0,10.0,1,1,2018,1355.3803221059013
252837,2.0,60.0,10.0,1,2,2018,1330.0772561398169
252838,2.0,60.0,10.0,1,3,2018,251.82397625246824
252839,2.0,60.0,10.0,1,4,2018,1286.467626692175
252840,2.0,59.0,9.0,0,0,2018,6060.170901334179
252841,2.0,59.0,9.0,0,1,2018,6422.351402910575
252842,2.0,59.0,9.0,0,2,2018,6060.170901334179
252843,2.0,59.0,9.0,0,3,2018,4069.265800591154
252844,2.0,59.0,9.0,0,4,2018,7185.672897609627
252845,2.0,59.0,9.0,1,0,2018,6060.170901334179
252846,2.0,59.0,9.0,1,1,2018,6422.351402910575
252847,2.0,59.0,9.0,1,2,2018,6060.170901334179
252848,2.0,59.0,9.0,1,3,2018,1471.4331160366014
252849,2.0,59.0,9.0,1,4,2018,7108.254435237934
252850,21.0,205.0,45.0,0,0,2018,0.0
252851,21.0,205.0,45.0,0,1,2018,0.0
252852,21.0,205.0,45.0,0,2,2018,0.0
252853,21.0,205.0,45.0,0,3,2018,0.0
252854,21.0,205.0,45.0,0,4,2018,0.0
252855,21.0,205.0,45.0,1,0,2018,0.0
252856,21.0,205.0,45.0,1,1,2018,0.0
252857,21.0,205.0,45.0,1,2,2018,0.0
252858,21.0,205.0,45.0,1,3,2018,0.0
252859,21.0,205.0,45.0,1,4,2018,0.0
252860,1.0,35.0,5.0,0,0,2018,0.0
252861,1.0,35.0,5.0,0,1,2018,0.0
252862,1.0,35.0,5.0,0,2,2018,0.0
252863,1.0,35.0,5.0,0,3,2018,0.0
252864,1.0,35.0,5.0,0,4,2018,0.0
252865,1.0,35.0,5.0,1,0,2018,0.0
252866,1.0,35.0,5.0,1,1,2018,0.0
252867,1.0,35.0,5.0,1,2,2018,0.0
252868,1.0,35.0,5.0,1,3,2018,0.0
252869,1.0,35.0,5.0,1,4,2018,0.0
252870,1.0,36.0,6.0,0,0,2018,0.0
252871,1.0,36.0,6.0,0,1,2018,0.0
252872,1.0,36.0,6.0,0,2,2018,0.0
252873,1.0,36.0,6.0,0,3,2018,0.0
252874,1.0,36.0,6.0,0,4,2018,0.0
252875,1.0,36.0,6.0,1,0,2018,0.0
252876,1.0,36.0,6.0,1,1,2018,0.0
252877,1.0,36.0,6.0,1,2,2018,0.0
252878,1.0,36.0,6.0,1,3,2018,0.0
252879,1.0,36.0,6.0,1,4,2018,0.0
252880,1.0,37.0,6.0,0,0,2018,0.0
252881,1.0,37.0,6.0,0,1,2018,0.0
252882,1.0,37.0,6.0,0,2,2018,0.0
252883,1.0,37.0,6.0,0,3,2018,0.0
252884,1.0,37.0,6.0,0,4,2018,0.0
252885,1.0,37.0,6.0,1,0,2018,0.0
252886,1.0,37.0,6.0,1,1,2018,0.0
252887,1.0,37.0,6.0,1,2,2018,0.0
252888,1.0,37.0,6.0,1,3,2018,0.0
252889,1.0,37.0,6.0,1,4,2018,0.0
252890,1.0,38.0,6.0,0,0,2018,0.0
252891,1.0,38.0,6.0,0,1,2018,0.0
252892,1.0,38.0,6.0,0,2,2018,0.0
252893,1.0,38.0,6.0,0,3,2018,0.0
252894,1.0,38.0,6.0,0,4,2018,0.0
252895,1.0,38.0,6.0,1,0,2018,0.0
252896,1.0,38.0,6.0,1,1,2018,0.0
252897,1.0,38.0,6.0,1,2,2018,0.0
252898,1.0,38.0,6.0,1,3,2018,0.0
252899,1.0,38.0,6.0,1,4,2018,0.0
252900,1.0,39.0,6.0,0,0,2018,0.0
252901,1.0,39.0,6.0,0,1,2018,0.0
252902,1.0,39.0,6.0,0,2,2018,0.0
252903,1.0,39.0,6.0,0,3,2018,0.0
252904,1.0,39.0,6.0,0,4,2018,0.0
252905,1.0,39.0,6.0,1,0,2018,0.0
252906,1.0,39.0,6.0,1,1,2018,0.0
252907,1.0,39.0,6.0,1,2,2018,0.0
252908,1.0,39.0,6.0,1,3,2018,0.0
252909,1.0,39.0,6.0,1,4,2018,0.0
252910,1.0,40.0,6.0,0,0,2018,0.0
252911,1.0,40.0,6.0,0,1,2018,0.0
252912,1.0,40.0,6.0,0,2,2018,0.0
252913,1.0,40.0,6.0,0,3,2018,0.0
252914,1.0,40.0,6.0,0,4,2018,0.0
252915,1.0,40.0,6.0,1,0,2018,0.0
252916,1.0,40.0,6.0,1,1,2018,0.0
252917,1.0,40.0,6.0,1,2,2018,0.0
252918,1.0,40.0,6.0,1,3,2018,0.0
252919,1.0,40.0,6.0,1,4,2018,0.0
252920,1.0,41.0,6.0,0,0,2018,0.0
252921,1.0,41.0,6.0,0,1,2018,0.0
252922,1.0,41.0,6.0,0,2,2018,0.0
252923,1.0,41.0,6.0,0,3,2018,0.0
252924,1.0,41.0,6.0,0,4,2018,0.0
252925,1.0,41.0,6.0,1,0,2018,0.0
252926,1.0,41.0,6.0,1,1,2018,0.0
252927,1.0,41.0,6.0,1,2,2018,0.0
252928,1.0,41.0,6.0,1,3,2018,0.0
252929,1.0,41.0,6.0,1,4,2018,0.0
252930,1.0,42.0,6.0,0,0,2018,0.0
252931,1.0,42.0,6.0,0,1,2018,0.0
252932,1.0,42.0,6.0,0,2,2018,0.0
252933,1.0,42.0,6.0,0,3,2018,0.0
252934,1.0,42.0,6.0,0,4,2018,0.0
252935,1.0,42.0,6.0,1,0,2018,0.0
252936,1.0,42.0,6.0,1,1,2018,0.0
252937,1.0,42.0,6.0,1,2,2018,0.0
252938,1.0,42.0,6.0,1,3,2018,0.0
252939,1.0,42.0,6.0,1,4,2018,0.0
252940,1.0,43.0,6.0,0,0,2018,0.0
252941,1.0,43.0,6.0,0,1,2018,0.0
252942,1.0,43.0,6.0,0,2,2018,0.0
252943,1.0,43.0,6.0,0,3,2018,0.0
252944,1.0,43.0,6.0,0,4,2018,0.0
252945,1.0,43.0,6.0,1,0,2018,0.0
252946,1.0,43.0,6.0,1,1,2018,0.0
252947,1.0,43.0,6.0,1,2,2018,0.0
252948,1.0,43.0,6.0,1,3,2018,0.0
252949,1.0,43.0,6.0,1,4,2018,0.0
252950,1.0,44.0,6.0,0,0,2018,0.0
252951,1.0,44.0,6.0,0,1,2018,0.0
252952,1.0,44.0,6.0,0,2,2018,0.0
252953,1.0,44.0,6.0,0,3,2018,0.0
252954,1.0,44.0,6.0,0,4,2018,0.0
252955,1.0,44.0,6.0,1,0,2018,0.0
252956,1.0,44.0,6.0,1,1,2018,0.0
252957,1.0,44.0,6.0,1,2,2018,0.0
252958,1.0,44.0,6.0,1,3,2018,0.0
252959,1.0,44.0,6.0,1,4,2018,0.0
252960,1.0,45.0,6.0,0,0,2018,0.0
252961,1.0,45.0,6.0,0,1,2018,0.0
252962,1.0,45.0,6.0,0,2,2018,0.0
252963,1.0,45.0,6.0,0,3,2018,0.0
252964,1.0,45.0,6.0,0,4,2018,0.0
252965,1.0,45.0,6.0,1,0,2018,0.0
252966,1.0,45.0,6.0,1,1,2018,0.0
252967,1.0,45.0,6.0,1,2,2018,0.0
252968,1.0,45.0,6.0,1,3,2018,0.0
252969,1.0,45.0,6.0,1,4,2018,0.0
252970,1.0,46.0,6.0,0,0,2018,0.0
252971,1.0,46.0,6.0,0,1,2018,0.0
252972,1.0,46.0,6.0,0,2,2018,0.0
252973,1.0,46.0,6.0,0,3,2018,0.0
252974,1.0,46.0,6.0,0,4,2018,0.0
252975,1.0,46.0,6.0,1,0,2018,0.0
252976,1.0,46.0,6.0,1,1,2018,0.0
252977,1.0,46.0,6.0,1,2,2018,0.0
252978,1.0,46.0,6.0,1,3,2018,0.0
252979,1.0,46.0,6.0,1,4,2018,0.0
252980,1.0,47.0,7.0,0,0,2018,0.0
252981,1.0,47.0,7.0,0,1,2018,0.0
252982,1.0,47.0,7.0,0,2,2018,0.0
252983,1.0,47.0,7.0,0,3,2018,0.0
252984,1.0,47.0,7.0,0,4,2018,0.0
252985,1.0,47.0,7.0,1,0,2018,0.0
252986,1.0,47.0,7.0,1,1,2018,0.0
252987,1.0,47.0,7.0,1,2,2018,0.0
252988,1.0,47.0,7.0,1,3,2018,0.0
252989,1.0,47.0,7.0,1,4,2018,0.0
252990,2.0,48.0,8.0,0,0,2018,0.0
252991,2.0,48.0,8.0,0,1,2018,0.0
252992,2.0,48.0,8.0,0,2,2018,0.0
252993,2.0,48.0,8.0,0,3,2018,0.0
252994,2.0,48.0,8.0,0,4,2018,0.0
252995,2.0,48.0,8.0,1,0,2018,0.0
252996,2.0,48.0,8.0,1,1,2018,0.0
252997,2.0,48.0,8.0,1,2,2018,0.0
252998,2.0,48.0,8.0,1,3,2018,0.0
252999,2.0,48.0,8.0,1,4,2018,0.0
253000,2.0,49.0,9.0,0,0,2018,60477.06310940897
253001,2.0,49.0,9.0,0,1,2018,62177.50679060058
253002,2.0,49.0,9.0,0,2,2018,60477.06310940897
253003,2.0,49.0,9.0,0,3,2018,33038.938728450004
253004,2.0,49.0,9.0,0,4,2018,62584.70363703383
253005,2.0,49.0,9.0,1,0,2018,60477.06310940897
253006,2.0,49.0,9.0,1,1,2018,62177.50679060058
253007,2.0,49.0,9.0,1,2,2018,60477.06310940897
253008,2.0,49.0,9.0,1,3,2018,10513.262272355661
253009,2.0,49.0,9.0,1,4,2018,55056.253500387116
253010,2.0,50.0,9.0,0,0,2018,5982.025778376509
253011,2.0,50.0,9.0,0,1,2018,5964.597774419586
253012,2.0,50.0,9.0,0,2,2018,5982.025778376509
253013,2.0,50.0,9.0,0,3,2018,3674.81706176485
253014,2.0,50.0,9.0,0,4,2018,6391.571051897912
253015,2.0,50.0,9.0,1,0,2018,5982.025778376509
253016,2.0,50.0,9.0,1,1,2018,5964.597774419586
253017,2.0,50.0,9.0,1,2,2018,5982.025778376509
253018,2.0,50.0,9.0,1,3,2018,1402.808584767669
253019,2.0,50.0,9.0,1,4,2018,6527.571560229433
253020,2.0,51.0,9.0,0,0,2018,5011.047559286893
253021,2.0,51.0,9.0,0,1,2018,5241.6930386987915
253022,2.0,51.0,9.0,0,2,2018,5011.047559286893
253023,2.0,51.0,9.0,0,3,2018,3427.639530094288
253024,2.0,51.0,9.0,0,4,2018,5968.412371873879
253025,2.0,51.0,9.0,1,0,2018,5011.047559286893
253026,2.0,51.0,9.0,1,1,2018,5241.6930386987915
253027,2.0,51.0,9.0,1,2,2018,5011.047559286893
253028,2.0,51.0,9.0,1,3,2018,1280.0509600243315
253029,2.0,51.0,9.0,1,4,2018,6050.8270601870245
253030,2.0,52.0,9.0,0,0,2018,6808.430741606791
253031,2.0,52.0,9.0,0,1,2018,7146.650210879906
253032,2.0,52.0,9.0,0,2,2018,6808.430741606791
253033,2.0,52.0,9.0,0,3,2018,4155.5395013094985
253034,2.0,52.0,9.0,0,4,2018,7627.206020652031
253035,2.0,52.0,9.0,1,0,2018,6808.430741606791
253036,2.0,52.0,9.0,1,1,2018,7146.650210879906
253037,2.0,52.0,9.0,1,2,2018,6808.430741606791
253038,2.0,52.0,9.0,1,3,2018,1397.233658867385
253039,2.0,52.0,9.0,1,4,2018,7067.17586957371
253040,2.0,53.0,9.0,0,0,2018,0.0
253041,2.0,53.0,9.0,0,1,2018,0.0
253042,2.0,53.0,9.0,0,2,2018,0.0
253043,2.0,53.0,9.0,0,3,2018,0.0
253044,2.0,53.0,9.0,0,4,2018,0.0
253045,2.0,53.0,9.0,1,0,2018,0.0
253046,2.0,53.0,9.0,1,1,2018,0.0
253047,2.0,53.0,9.0,1,2,2018,0.0
253048,2.0,53.0,9.0,1,3,2018,0.0
253049,2.0,53.0,9.0,1,4,2018,0.0
253050,2.0,54.0,9.0,0,0,2018,20802.3695539867
253051,2.0,54.0,9.0,0,1,2018,21179.640983151716
253052,2.0,54.0,9.0,0,2,2018,20802.3695539867
253053,2.0,54.0,9.0,0,3,2018,11666.468239705946
253054,2.0,54.0,9.0,0,4,2018,21605.806192875403
253055,2.0,54.0,9.0,1,0,2018,20802.3695539867
253056,2.0,54.0,9.0,1,1,2018,21179.640983151716
253057,2.0,54.0,9.0,1,2,2018,20802.3695539867
253058,2.0,54.0,9.0,1,3,2018,3903.6279171200163
253059,2.0,54.0,9.0,1,4,2018,19783.283694785652
253060,2.0,55.0,9.0,0,0,2018,14563.389316197241
253061,2.0,55.0,9.0,0,1,2018,16288.925782942655
253062,2.0,55.0,9.0,0,2,2018,14563.389316197241
253063,2.0,55.0,9.0,0,3,2018,12610.511105286936
253064,2.0,55.0,9.0,0,4,2018,20575.87007930309
253065,2.0,55.0,9.0,1,0,2018,14563.389316197241
253066,2.0,55.0,9.0,1,1,2018,16288.925782942655
253067,2.0,55.0,9.0,1,2,2018,14563.389316197241
253068,2.0,55.0,9.0,1,3,2018,5380.557182179879
253069,2.0,55.0,9.0,1,4,2018,23339.188315710533
253070,2.0,56.0,9.0,0,0,2018,16329.166479947036
253071,2.0,56.0,9.0,0,1,2018,17500.513095018945
253072,2.0,56.0,9.0,0,2,2018,16329.166479947036
253073,2.0,56.0,9.0,0,3,2018,10938.361662496121
253074,2.0,56.0,9.0,0,4,2018,19537.970788504164
253075,2.0,56.0,9.0,1,0,2018,16329.166479947036
253076,2.0,56.0,9.0,1,1,2018,17500.513095018945
253077,2.0,56.0,9.0,1,2,2018,16329.166479947036
253078,2.0,56.0,9.0,1,3,2018,3841.893608923337
253079,2.0,56.0,9.0,1,4,2018,18923.248762489144
253080,2.0,57.0,9.0,0,0,2018,2622.235933618527
253081,2.0,57.0,9.0,0,1,2018,2892.5793059309485
253082,2.0,57.0,9.0,0,2,2018,2622.235933618527
253083,2.0,57.0,9.0,0,3,2018,1855.3745846923473
253084,2.0,57.0,9.0,0,4,2018,3345.338957423067
253085,2.0,57.0,9.0,1,0,2018,2622.235933618527
253086,2.0,57.0,9.0,1,1,2018,2892.5793059309485
253087,2.0,57.0,9.0,1,2,2018,2622.235933618527
253088,2.0,57.0,9.0,1,3,2018,628.203414116284
253089,2.0,57.0,9.0,1,4,2018,3173.624278976586
253090,2.0,58.0,9.0,0,0,2018,82660.9089290303
253091,2.0,58.0,9.0,0,1,2018,88915.53151850887
253092,2.0,58.0,9.0,0,2,2018,82660.9089290303
253093,2.0,58.0,9.0,0,3,2018,54155.45947274321
253094,2.0,58.0,9.0,0,4,2018,97584.02062568514
253095,2.0,58.0,9.0,1,0,2018,82660.9089290303
253096,2.0,58.0,9.0,1,1,2018,88915.53151850887
253097,2.0,58.0,9.0,1,2,2018,82660.9089290303
253098,2.0,58.0,9.0,1,3,2018,19055.63887063182
253099,2.0,58.0,9.0,1,4,2018,93478.006264303
253100,2.0,88.0,13.0,0,0,2018,1294.75504984665
253101,2.0,88.0,13.0,0,1,2018,1455.5699651745613
253102,2.0,88.0,13.0,0,2,2018,1294.75504984665
253103,2.0,88.0,13.0,0,3,2018,1153.2278211374241
253104,2.0,88.0,13.0,0,4,2018,1897.7156358851664
253105,2.0,88.0,13.0,1,0,2018,1294.75504984665
253106,2.0,88.0,13.0,1,1,2018,1455.5699651745613
253107,2.0,88.0,13.0,1,2,2018,1294.75504984665
253108,2.0,88.0,13.0,1,3,2018,461.05972734596037
253109,2.0,88.0,13.0,1,4,2018,2097.626156451214
253110,17.0,201.0,41.0,0,0,2018,0.0
253111,17.0,201.0,41.0,0,1,2018,0.0
253112,17.0,201.0,41.0,0,2,2018,0.0
253113,17.0,201.0,41.0,0,3,2018,0.0
253114,17.0,201.0,41.0,0,4,2018,0.0
253115,17.0,201.0,41.0,1,0,2018,0.0
253116,17.0,201.0,41.0,1,1,2018,0.0
253117,17.0,201.0,41.0,1,2,2018,0.0
253118,17.0,201.0,41.0,1,3,2018,0.0
253119,17.0,201.0,41.0,1,4,2018,0.0
